Author;Post;RefPoster
sommerkongress;B0AZVLNAIJG;-
sommerkongress;BzyLsxAgOEJ;-
sommerkongress;BzpKxBuDDFK;-
sommerkongress;BzZuAKKjQQz;-
sommerkongress;BzPa0tEjA1p;-
sommerkongress;By8G6DHnkqA;-
sommerkongress;ByxAM8YlgaE;-
sommerkongress;Bz6I0wMASJD;-
sommerkongress;By2-MMHJBHm;-
fridaysforfuture.ac;Bzkx0TSoksv;@sommerkongress
oceans_vision;B0y4n78iQWx;@fridaysforfuturefb2019
stefanschneidt;B0y32oDpwGA;-
youthforclimate.alsace;B0y2XcxnrU-;@fff.borken
youthforclimate.alsace;B0y2XcxnrU-;@fridaysforfuturevienna
youthforclimate.alsace;B0y2XcxnrU-;@sommerkongress
felix_rodenjohann;B0y13s4iOxx;@sommerkongress
felix_rodenjohann;B0y13s4iOxx;@sebastiangrieme
fridaysforfuture_bonn;B0yzLIsinBk;-
anna.doyen;B0yy15Fiscg;@sommerkongress
wavelandgang;B0yye_Ogw4u;-
wavelandgang;B0ywnafouSw;-
sarah.brnk;B0yqvU8oADT;@yanikstark
ronja_woh;B0ypojXI8W9;-
fridaysforfuture.neunkirchen;B0ypW3si6TU;-
fuhrmaex;B0ymz5ECqZC;-
fridaysforfutureguetersloh;B0yiY6epXpa;-
tak3itizzy;B0ycj4fpYga;-
lisa.wandel;B0yXJ8iBtlL;-
hannaxhaminh;B0yUO9TCxYI;-
deutschlandfunkkultur;B0yQYIEogRg;-
fridaysforfuture.bodensee;B0yN-INCstj;-
fridaysforfuture.bodensee;B0yNOehiy-7;-
tierisch_engagiert;B0yHLSdpIrf;@volxkuechemuenchen.e.v
tierisch_engagiert;B0yHLSdpIrf;@mal_eleve
tierisch_engagiert;B0yHLSdpIrf;@fridaysforfuture
improve_the_world1;B0yE8OJngHr;-
nonasophia;B0yCixpHpD4;-
karincompost;B0x5xc_IXIS;-
fridaysforfuture.muelheim;B0x3MxjCz5Z;@yanikstark
fridaysforfuture.muelheim;B0x3MxjCz5Z;@gretathunberg
fridaysforfuture.zwickau;B0xzgUMjOg1;@yanikstark
fridaysforfuture.zwickau;B0xzgUMjOg1;@fuhrmaex
corinna.ecuador.2018;B0xxsRYD-Tn;-
marie_vlie;B0xq56GgKPW;-
lusonnenfeder;B0xkYiggwoc;-
bluebirdela;B0xSn-nnJyI;@eckart_von_hirschhausen
bluebirdela;B0xSn-nnJyI;@marcuwekling
m.sprawe;B0wbmooivD8;-
tonitravel_;B0wWJ1bBesQ;-
cxrlx_r;B0wP8sVDsEC;-
greenpeacejugend;B0wMUj1iWBY;-
sternxvera;B0wK5Sqojeu;-
hannaxhaminh;B0wJWWxCdpB;-
fridaysforfuture.hildesheim;B0wJB4IHLX3;-
fridaysforfuture_geilenkirchen;B0wH7VWhwQo;-
jolina.rlf;B0wGHKBom8E;-
youthforclimate.alsace;B0wCDFTjVbK;@fff.borken
youthforclimate.alsace;B0wCDFTjVbK;@fridaysforfuturevienna
youthforclimate.alsace;B0wCDFTjVbK;@sommerkongress
youthforclimate.alsace;B0wAeFUjtyi;@fff.borken
youthforclimate.alsace;B0wAeFUjtyi;@fridaysforfuturevienna
youthforclimate.alsace;B0wAeFUjtyi;@sommerkongress
youthforclimate.alsace;B0wAeFUjtyi;@fridaysforfuture_ka
fridaysforfuturenbg;B0v_kUnAnmY;-
davidwickerhf;B0v_hBYHWfk;@luisaneubauer
davidwickerhf;B0v_hBYHWfk;@jakob.blasel
davidwickerhf;B0v_hBYHWfk;@linus_report
davidwickerhf;B0v_hBYHWfk;@thebrownfellow
davidwickerhf;B0v_hBYHWfk;@climatestrike_suisse
davidwickerhf;B0v_hBYHWfk;@edward_gabrielsson
davidwickerhf;B0v_hBYHWfk;@fridaysforfuture
davidwickerhf;B0v_hBYHWfk;@fridaysforfutureitalia
paaul.2703;B0v0mKdilCr;@x._just.lena_.x
paaul.2703;B0v0mKdilCr;@x._just.lena_.x
johanna.nn;B0vz1ieIf-K;-
celine.ceco;B0vujKEqUh4;-
fridaysforfuture_os;B0vuX8iCRGm;-
fff_studis_ddorf;B0vq4NxinbW;@yanikstark
_sophia_ve;B0vk1sCo0Dh;@fff.borken
a.little_giant;B0vTN2IC2Lg;-
buergie.gestaltung;B0vRq_0BccX;-
buergie.gestaltung;B0vQv6AhYqZ;-
fridaysforfuture_tuebingen;B0vPdTOH2P9;-
lets.stop.climate.change;B0vOYTKo9Q7;@fridaysforfuture.de
chfrankcgn;B0vJ6kPhraq;-
onkel_toms_huette;B0u-hiwHxYw;@blaetterpolitik
onkel_toms_huette;B0u-hiwHxYw;@gretathunberg
onkel_toms_huette;B0u-hiwHxYw;@fridaysforfuture.de
onkel_toms_huette;B0u-hiwHxYw;@s4f.greifswald
onkel_toms_huette;B0u-hiwHxYw;@s4f_le
onkel_toms_huette;B0u-hiwHxYw;@s4fffm
onkel_toms_huette;B0u-hiwHxYw;@s4f_muc
onkel_toms_huette;B0u-hiwHxYw;@teachersforfuture.germany
onkel_toms_huette;B0u-hiwHxYw;@global_strike_for_climate
onkel_toms_huette;B0u-hiwHxYw;@extinctionrebelliondeutschland
bikablo;B0uMAzGHErN;@fridaysforfuture
felix_rodenjohann;B0t76CFiKAJ;-
fridaysforfuture.lueneburg;B0ttKH3CtGj;@fridaysforfuturedo
fridaysforfuture.lueneburg;B0ttKH3CtGj;@brass.riot
fridaysforfuture.bux;B0tpwgoCcAE;-
fridaysforfuture.de;B0tkpN3iHyR;-
bikablo;B0tJye2nFw-;-
peter_wohlleben;B0tAWeVgeuF;-
chfrankcgn;B0s6-xshdJ_;-
fridaysforfuture.bux;B0s2ZEVCdrp;-
sinachom;B0sp2jQihob;@fridaysforfuture.de
bikablo;B0snw7snL8P;-
fff_studis_ddorf;B0sS-CwCTZF;-
fridaysforfuture_gangelt;B0sSWcnj_ol;-
fridaysforfuture_gangelt;B0sRdtnjhsN;-
bikablo;B0rUnnRn3nr;-
fffgiessen;B0rJadHieMO;-
klimastreiklandau;B0rHBh-CGK0;-
iaademo;B0rElzZl89H;@marion.tiemann
iaademo;B0rElzZl89H;@greenpeace.de
martina_grigoleit;B0q_QLsn5ST;@bikablo
fftw_futurefortheworld;B0q-E1Ni-PZ;-
fridaysforfutureguetersloh;B0q2z7nJnJP;-
jochen_hahi;B0q15J_g75o;-
fridaysforfutureguetersloh;B0q1WqmJPk4;@eesmusic
fridaysforfutureguetersloh;B0q1WqmJPk4;@eckart_von_hirschhausen
fridaysforfutureguetersloh;B0q1WqmJPk4;@officiallyjoko
fridaysforfutureguetersloh;B0q1WqmJPk4;@mal_eleve
alex_klapper;B0qzhH_pzAt;@brass.riot
klimastreiklandau;B0qsQSbiZef;-
nrwtv_aachen;B0qraLSnZQN;-
jojo_183_;B0qk31FF4GZ;-
bikablo;B0qgSLUnFFo;-
fff.borken;B0qffY3nGHF;@eesmusic
fff.borken;B0qffY3nGHF;@eckart_von_hirschhausen
fff.borken;B0qffY3nGHF;@officiallyjoko
fff.borken;B0qffY3nGHF;@mal_eleve
fridaysforfuture.celle;B0qYH3boJ5T;-
wdr;B0qXC_VqoZC;-
clausdieterstille;B0qWPxAF-7h;-
chfrankcgn;B0qVaJWhyte;-
fridaysforfuture_gangelt;B0qPWgInJGM;-
fridaysforfuture.hochneukirch;B0qPCRdn9DU;-
nrwtv_aachen;B0qJeJkHfOS;-
revogermany;B0qJc27gycV;@ver.di_jugend
derjugendrat;B0qECwQCRsl;-
fridaysforfuture_os;B0qDiPniJyg;-
nrwtv_aachen;B0qDDBcnBDX;-
bernhardlabermeier;B0qB9vkoq3W;-
klimastreiklandau;B0qBBA-ic9v;-
bella.tati11;B0qAunenUqB;-
bikablo;B0p_NZMHSXA;-
fridaysforfuture.landshut;B0p-nrKFx1A;-
fridaysforfuture.vs;B0p5sjLhTCl;-
visualisierungsfuchs;B0p4sJQCanb;-
fff_studis_ddorf;B0p4B40CYi7;-
fridaysforfuture.hochneukirch;B0p35YfHOp3;-
f.goeke.1009;B0p27l4FHVd;-
fridaysforfuture_gangelt;B0p2RmHHSEU;-
klimastreiklandau;B0pcf1ZCoV7;-
martina_grigoleit;B0oxR6PC-Bl;-
brandstuve;B0ooxokFlgE;-
johanna_von_hackewitz;B0omlhrAbF_;-
onkel_toms_huette;B0nSSagCPPm;@gretathunberg
onkel_toms_huette;B0nSSagCPPm;@fridaysforfuture.de
onkel_toms_huette;B0nSSagCPPm;@s4f.greifswald
onkel_toms_huette;B0nSSagCPPm;@s4f_le
onkel_toms_huette;B0nSSagCPPm;@s4fffm
onkel_toms_huette;B0nSSagCPPm;@s4f_muc
onkel_toms_huette;B0nSSagCPPm;@teachersforfuture.germany
onkel_toms_huette;B0nSSagCPPm;@extinctionrebellion
onkel_toms_huette;B0nSSagCPPm;@xraachen
onkel_toms_huette;B0nSSagCPPm;@kidrobot
onkel_toms_huette;B0WFJ1uCkXv;@sommerkongress
onkel_toms_huette;B0WFJ1uCkXv;@gretathunberg
onkel_toms_huette;B0WFJ1uCkXv;@fridaysforfuture.ac
onkel_toms_huette;B0WFJ1uCkXv;@s4f_le
onkel_toms_huette;B0WFJ1uCkXv;@s4fffm
onkel_toms_huette;B0WFJ1uCkXv;@s4f_muc
onkel_toms_huette;B0WFJ1uCkXv;@teachersforfuture.germany
onkel_toms_huette;B0WFJ1uCkXv;@extinctionrebellion
onkel_toms_huette;B0WFJ1uCkXv;@xraachen
youthforclimate.alsace;Bu-oTFSHgFk;@fridaysforfuturevienna
youthforclimate.alsace;Bu-oTFSHgFk;@sommerkongress
youthforclimate.alsace;Bu-oTFSHgFk;@fridaysforfuture_ka
youthforclimate.alsace;Bu-oJJXnmQZ;@fridaysforfuturevienna
youthforclimate.alsace;Bu-oJJXnmQZ;@sommerkongress
youthforclimate.alsace;Bu-oJJXnmQZ;@fridaysforfuture_ka
youthforclimate.alsace;Bu-n_q6n_YW;@fridaysforfuturevienna
youthforclimate.alsace;Bu-n_q6n_YW;@sommerkongress
youthforclimate.alsace;Bu-n_q6n_YW;@fridaysforfuture_ka
youthforclimate.alsace;Bu-ml8AH1x_;@fridaysforfuturevienna
youthforclimate.alsace;Bu-ml8AH1x_;@sommerkongress
youthforclimate.alsace;Bu-ml8AH1x_;@fridaysforfuture_ka
youthforclimate.alsace;Bu94kesnUN1;@fridaysforfuturevienna
youthforclimate.alsace;Bu94kesnUN1;@sommerkongress
youthforclimate.alsace;Bu94kesnUN1;@fridaysforfuture_ka
youthforclimate.alsace;Bu93FRLnOcw;@fff.borken
youthforclimate.alsace;Bu93FRLnOcw;@fridaysforfuturevienna
youthforclimate.alsace;Bu93FRLnOcw;@sommerkongress
youthforclimate.alsace;Bu93FRLnOcw;@fridaysforfuture_ka
youthforclimate.alsace;Bu92qSinEGZ;@fridaysforfuture_offenburg
youthforclimate.alsace;Bu92qSinEGZ;@fff.borken
youthforclimate.alsace;Bu92qSinEGZ;@fridaysforfuturevienna
youthforclimate.alsace;Bu92qSinEGZ;@sommerkongress
youthforclimate.alsace;Bu92qSinEGZ;@fridaysforfuture_ka
youthforclimate.alsace;Bu91sRuHZ3q;@fff.borken
youthforclimate.alsace;Bu91sRuHZ3q;@fridaysforfuturevienna
youthforclimate.alsace;Bu91sRuHZ3q;@sommerkongress
youthforclimate.alsace;Bu91sRuHZ3q;@fridaysforfuture_ka
youthforclimate.alsace;B0oqwfkjJ0K;@fff.borken
youthforclimate.alsace;B0oqwfkjJ0K;@fridaysforfuturevienna
youthforclimate.alsace;B0oqwfkjJ0K;@sommerkongress
youthforclimate.alsace;B0opvPwCPSe;@youthforclimate.alsace
youthforclimate.alsace;B0opvPwCPSe;@fff.borken
youthforclimate.alsace;B0opvPwCPSe;@fridaysforfuturevienna
youthforclimate.alsace;B0opvPwCPSe;@sommerkongress
fridaysforfuturehalle;B0oi9F-H4mE;-
sommerkongress;B0oMq7-HLHu;-
jokoklaas_fp_at;B0oKFIei3m6;-
jokoklaas_fp_at;B0oII6TCFTF;@fridaysforfuture.de-Sommerkongress
fridaysforfuture_os;B0oHuQ3ijyE;-
fridaysforfuture.hochneukirch;B0n9ScVCBIZ;-
goblindortmund;B0n6zpoIb8V;-
fff_rastede;B0n2ckpiuZZ;-
fridaysforfuturekempten;B0nthowoqwp;-
fffgiessen;B0nlmHqiLPi;-
youthforclimate.alsace;B0niZwbC96R;@fff.borken
youthforclimate.alsace;B0niZwbC96R;@fridaysforfuturevienna
youthforclimate.alsace;B0niZwbC96R;@sommerkongress
chfrankcgn;B0neW09o3-C;-
youthforclimate.alsace;B0nZ0LAj4E0;@fff.borken
youthforclimate.alsace;B0nZ0LAj4E0;@fridaysforfuturevienna
youthforclimate.alsace;B0nZ0LAj4E0;@sommerkongress
klimastreiklandau;B0nUCD2iJzv;-
springerjacobyaustria;B0nS8Pfl3wH;-
klimastreiklandau;B0nQWUaCl7k;-
larawlost;B0mWpR8oTF0;-
fridaysforfuture.hochneukirch;B0mMCfNnqaD;-
youthforclimate.alsace;B0mEYafi5K8;@fff.borken
youthforclimate.alsace;B0mEYafi5K8;@fridaysforfuturevienna
youthforclimate.alsace;B0mEYafi5K8;@sommerkongress
momentografie;B0l00DKo-uG;-
fridaysforfuture_os;B0lyz9lFBI_;-
fridaysforfuture_os;B0lx6t_Cdu7;-
klimastreiklandau;B0lx6mFCh5W;-
klimastreiklandau;B0lxfpgC9S2;-
youthforclimate.alsace;B0lnmXKi_Ac;@fff.borken
youthforclimate.alsace;B0lnmXKi_Ac;@fridaysforfuturevienna
youthforclimate.alsace;B0lnDiVCyPm;@fff.borken
youthforclimate.alsace;B0lnDiVCyPm;@fridaysforfuturevienna
youthforclimate.alsace;B0la78GC7eN;@fff.borken
youthforclimate.alsace;B0la78GC7eN;@fridaysforfuturevienna
fridaysforfuture_gangelt;B0latmqioQL;-
youthforclimate.alsace;B0laRlYjp40;@fff.borken
youthforclimate.alsace;B0laRlYjp40;@fridaysforfuturevienna
youthforclimate.alsace;B0laM5dizOY;@fff.borken
youthforclimate.alsace;B0laM5dizOY;@fridaysforfuturevienna
youthforclimate.alsace;B0laB55jTJM;@fff.borken
youthforclimate.alsace;B0laB55jTJM;@fridaysforfuturevienna
youthforclimate.alsace;B0lZ1mejmau;@fff.borken
youthforclimate.alsace;B0lZ1mejmau;@fridaysforfuturevienna
youthforclimate.alsace;B0lZce3D-io;@fff.borken
youthforclimate.alsace;B0lZce3D-io;@fridaysforfuturevienna
youthforclimate.alsace;B0lQh1EDmmH;@fff.borken
youthforclimate.alsace;B0lQh1EDmmH;@fridaysforfuturevienna
fridaysforfuture_gangelt;B0lUWmlC5lU;-
nicolas_kersten;B0lTthAiCU7;-
youthforclimate.alsace;B0lPhK-j29I;@fff.borken
youthforclimate.alsace;B0lPhK-j29I;@fridaysforfuturevienna
youthforclimate.alsace;B0lM0MEjFkr;@fff.borken
youthforclimate.alsace;B0lIqcoDzeH;@youthforclimate.alsace
youthforclimate.alsace;B0lIqcoDzeH;@fff.borken
chfrankcgn;B0k-QuKom9R;-
karincompost;B0jZS9eopBS;-
Not available;B0glF8xiQh8;-
Not available;B0f3G0iCkoi;-
Not available;B0fXTLViUGv;-
Not available;B0fVm-jiGQ3;-
chrisschau;B0bLHPPoLnk;-
Not available;B0TpUKOhpsQ;-
Not available;B0TJfefoPns;-
Not available;B0TGdbyi4sS;-
Not available;B0TGWtniO9z;-
Not available;B0TFgCViB_s;-
Not available;B0S4HSyjXsL;@fridaysforfuture.de
Not available;B0S4HSyjXsL;@brass.riot
Not available;B0S4HSyjXsL;@brass.riot
Not available;B0S4HSyjXsL;@drittel_bar
Not available;B0P3K6ciBpL;-
Not available;B0PDinmidBn;@brass.riot
Not available;B0PDinmidBn;@marcuwekling
Not available;B0PDinmidBn;@sommerkongress
Not available;B0NUylynjD_;@brass.riot
Not available;B0NUylynjD_;@marcuwekling
Not available;B0NUylynjD_;@sommerkongress
Not available;B0AZVK4gKMa;-
Not available;Bz_G4KdiqcY;@brass.riot
Not available;Bz_G4KdiqcY;@sommerkongress
Not available;Bz8IpNpFPww;@marcuwekling
Not available;Bz7sRx1iKwP;-
brass.riot;Bz2rBvrCkkd;@fridaysforfuture.ac
brass.riot;Bz2rBvrCkkd;@sommerkongress
brass.riot;Bz2rBvrCkkd;@jakobfestival
brass.riot;Bz2rBvrCkkd;@fffdresden
brass.riot;Bz2rBvrCkkd;@konradlaukat
Not available;Bz1TzVXi8yq;@marcuwekling
Not available;BzyLs2eFvTZ;-
Not available;BzvnXygHn71;-
Not available;BzvPmNhiaml;-
Not available;Bzs9R2qifYh;-
Not available;BzsN7UjCIva;-
Not available;BzsBr3BHSxb;-
Not available;Bzr2bzrgUkX;-
Not available;BzdFYeZCUu1;-
Not available;B1jRy63IOQO;-
onkel_toms_huette;B1gyWEaCDXS;@gretathunberg
onkel_toms_huette;B1gyWEaCDXS;@fridaysforfuture.de
onkel_toms_huette;B1gyWEaCDXS;@s4f.greifswald
onkel_toms_huette;B1gyWEaCDXS;@s4f_le
onkel_toms_huette;B1gyWEaCDXS;@s4fffm
onkel_toms_huette;B1gyWEaCDXS;@s4f_muc
onkel_toms_huette;B1gyWEaCDXS;@teachersforfuture.germany
onkel_toms_huette;B1gyWEaCDXS;@global_strike_for_climate
onkel_toms_huette;B1gyWEaCDXS;@extinctionrebelliondeutschland
onkel_toms_huette;B1gyWEaCDXS;@umweltbundesamt
stefanschneidt;B1eYEC3Cn4p;-
revogermany;B1bLe9yIzte;-
clubdergruenenbaender;B1ZYhv-CPkl;-
emmi_14_2004;B1T2sbUCj9R;-
clubdergruenenbaender;B1TxteoiDDy;-
leonard_stephan_fff;B1RfNjHIbOG;-
stefanschneidt;B1OINLsIdiN;-
leonard_stephan_fff;B1OBP4roug7;-
clubdergruenenbaender;B1M4fY3CZn-;-
leonard_stephan_fff;B1LuelxIe6G;-
fridaysforfuture.laternen;B1Jj7RwBfmR;-
leonard_stephan_fff;B1JROY5Ibud;-
fridaysforfuturefreising;B1GtjHqILEo;@fridaysforfuture.landshut
leonard_stephan_fff;B1GV9evo-_y;-
desiree.lgt;B1Er1upoP-A;-
leonard_stephan_fff;B1EBhoJIJ-Z;-
mile_.fisch;B1DshGkn7pV;-
maliiigra;B1DZcgzCjdT;-
meinleben_plastikfrei;B1B9TOeiV4N;-
leonard_stephan_fff;B1B4ROMooZ3;-
juliusobhues;B1BbEgIguOY;-
annikakruse_;B1BKzZCCeeJ;-
leah.walnuss;B0_ox49htjc;-
climatejustus;B0_lYk4lRT4;@fuhrmaex
itsanierps;B0_ivZ4oUhJ;-
fridaysforfuture.lueneburg;B0_bylKDHdQ;@fridaysforfuture.de
leonard_stephan_fff;B0_GnXuIcWT;-
_veg.anna;B0-3Uq8p5nF;@ivilina_emilia_16
_veg.anna;B0-3Uq8p5nF;@iven.lichti
_veg.anna;B0-3Uq8p5nF;@ellylikestrees
_veg.anna;B0-3Uq8p5nF;@fridaysforfuturekoeln
maliiigra;B0-xMgLoZUB;-
itsmegiadi;B079YT_JnU9;-
helene.dmn_;B064x5CorMh;-
almalottecaroline;B061_GRIII9;-
fffpodcastde;B063WFGn2p9;-
c2c.ev;B06C7CQg-uH;@Sommerkongress
c2c.ev;B06C7CQg-uH;@fridaysforfuture
leonard_stephan_fff;B055wBuKW0l;-
tina.sct;B04TlXDoI6u;-
antonrode4;B04JwXECq7j;-
antonrode4;B04JbSLiCnP;-
gruenejugendsh;B03jnpaAOPy;-
japhila;B03SVOSBYwr;-
fridaysforfuture.greifswald;B03RjoPiPVf;-
leonard_stephan_fff;B03Ak0vK-la;-
fridaysforfuturebbg;B026t46n2tC;-
larawlost;B02z4uMAIDx;-
larawlost;B02y7Tcgb5N;-
fridaysforfuture.bielefeld;B02uNLElBv9;@brass.riot.
fridaysforfuture.bielefeld;B02uNLElBv9;@fuhrmaex
fridaysforfuture.bielefeld;B02uNLElBv9;@yanikstark
fridaysforfuture.bielefeld;B02uNLElBv9;@gretathunberg
fridaysforfuture.bielefeld;B02uNLElBv9;@westfalenblatt
fridaysforfuture.bielefeld;B02uNLElBv9;@wdr3
fridaysforfuture.bielefeld;B02uNLElBv9;@nw.de
fridaysforfutureweilheim;B01_5FQIp7r;@eesmusic
fridaysforfutureweilheim;B01_5FQIp7r;@theesprits
fridaysforfutureweilheim;B01_5FQIp7r;@marcuwekling
fridaysforfutureweilheim;B01_5FQIp7r;@yanikstark
fridaysforfuture.winsen;B01fd5tCj6_;-
kaja_pet;B01IUVqindB;-
maltelwolf;B00wAA4I4Zn;-
maltelwolf;B00vTX0ot1n;-
almalottecaroline;B00jV07IAKz;-
fridaysforfuture.celle;B00hCSbIvXQ;@yanikstark
fridaysforfuture.celle;B00hCSbIvXQ;@fuhrmaex
tobias.act;B00WFJlI2Na;-
lin_nil_nea_;B00TLhwqdDD;-
blurrylucy;B00NGJQHgkC;-
fridaysforfuture.bubenreuth;B00G1dcCd3Z;@sommerkongress
fridaysforfuture.bubenreuth;B00G1dcCd3Z;@parentsforfuturedortmund
wushupanda16;B0z_ebFoUvY;-
youthforclimate.alsace;B0zWFrknGca;@fridaysforfuturefb2019
youthforclimate.alsace;B0zWFrknGca;@fff.borken
youthforclimate.alsace;B0zWFrknGca;@fridaysforfuturevienna
youthforclimate.alsace;B0zWFrknGca;@sommerkongress
youthforclimate.alsace;B0zTcIxHfMR;@fff.borken
youthforclimate.alsace;B0zTcIxHfMR;@fridaysforfuturevienna
youthforclimate.alsace;B0zTcIxHfMR;@sommerkongress
veganstrong666;B0zMzHgJG2U;@sommerkongress
veganstrong666;B0zMzHgJG2U;@volxkuechemuenchen.e.v
veganstrong666;B0zMzHgJG2U;@mal_eleve
veganstrong666;B0zMzHgJG2U;@fridaysforfuture
youthforclimate.alsace;B0zLIHPDrAR;@fff.borken
youthforclimate.alsace;B0zLIHPDrAR;@fridaysforfuturevienna
youthforclimate.alsace;B0zLIHPDrAR;@sommerkongress
youthforclimate.alsace;B0zId_-HVyG;@fff.borken
youthforclimate.alsace;B0zId_-HVyG;@fridaysforfuturevienna
youthforclimate.alsace;B0zId_-HVyG;@sommerkongress
youthforclimate.alsace;B0zGc8InyxF;@fff.borken
youthforclimate.alsace;B0zGc8InyxF;@fridaysforfuturevienna
youthforclimate.alsace;B0zGc8InyxF;@sommerkongress
x._just.lena_.x;B0zDH0aCYmw;@lunaxivy
x._just.lena_.x;B0zDH0aCYmw;@paaul.2703
youthforclimate.alsace;B0zDFitnZu8;@fff.borken
youthforclimate.alsace;B0zDFitnZu8;@fridaysforfuturevienna
youthforclimate.alsace;B0zDFitnZu8;@sommerkongress
youthforclimate.alsace;B0zCb2uDqmr;@fff.borken
youthforclimate.alsace;B0zCb2uDqmr;@fridaysforfuturevienna
youthforclimate.alsace;B0zCb2uDqmr;@sommerkongress
leonard_stephan_fff;B0zBdDkqaUa;-
lin_nil_nea_;B0yi_bwqgIq;-
