Author;Post;Hashtag
sommerkongress;B0AZVLNAIJG;-
sommerkongress;BzyLsxAgOEJ;#fridaysforfuture
sommerkongress;BzsAIPYA2YV;#Spenden
sommerkongress;BzsAIPYA2YV;#fridaysforfuture
sommerkongress;BzpKxBuDDFK;#sokofuture
sommerkongress;BzZuAKKjQQz;#somerkongress
sommerkongress;BzPa0tEjA1p;#sommer
sommerkongress;By8G6DHnkqA;-
fridaysforfuture.ac;Bzkx0TSoksv;#sommerkongress
fridaysforfuture.ac;Bzkx0TSoksv;#climatesummer
oceans_vision;B0y4n78iQWx;#sokofuture
oceans_vision;B0y4n78iQWx;#sommerkongress
oceans_vision;B0y4n78iQWx;#sommerkongress2019
oceans_vision;B0y4n78iQWx;#kohlestopp
stefanschneidt;B0y32oDpwGA;#jokoundklaas
stefanschneidt;B0y32oDpwGA;#fridaysforfuturedortmund
stefanschneidt;B0y32oDpwGA;#fridaysforfuture
stefanschneidt;B0y32oDpwGA;#sommerkongress
stefanschneidt;B0y32oDpwGA;#hambibleibt
stefanschneidt;B0y32oDpwGA;#changethesystem
stefanschneidt;B0y32oDpwGA;#klima
stefanschneidt;B0y32oDpwGA;#ourplanet
youthforclimate.alsace;B0y2XcxnrU-;#schoolstrike4climate
youthforclimate.alsace;B0y2XcxnrU-;#Klima
youthforclimate.alsace;B0y2XcxnrU-;#climatejustice
youthforclimate.alsace;B0y2XcxnrU-;#climatechange
youthforclimate.alsace;B0y2XcxnrU-;#globalwarming
youthforclimate.alsace;B0y2XcxnrU-;#parisavtalet
youthforclimate.alsace;B0y2XcxnrU-;#giec
youthforclimate.alsace;B0y2XcxnrU-;#sustainable
youthforclimate.alsace;B0y2XcxnrU-;#riscaldamentoglobale
youthforclimate.alsace;B0y2XcxnrU-;#emergenzaclimatica
youthforclimate.alsace;B0y2XcxnrU-;#skolstrejk
youthforclimate.alsace;B0y2XcxnrU-;#gretathunberg
youthforclimate.alsace;B0y2XcxnrU-;#sommerkongress
felix_rodenjohann;B0y13s4iOxx;#fridaysforfuture
felix_rodenjohann;B0y13s4iOxx;#sustainability
fridaysforfuture_bonn;B0yzLIsinBk;#climate
fridaysforfuture_bonn;B0yzLIsinBk;#fridaysforfuture
fridaysforfuture_bonn;B0yzLIsinBk;#klima
fridaysforfuture_bonn;B0yzLIsinBk;#parentsforfuture
fridaysforfuture_bonn;B0yzLIsinBk;#workersforfuture
fridaysforfuture_bonn;B0yzLIsinBk;#studentsforfuture
fridaysforfuture_bonn;B0yzLIsinBk;#sommerferien
anna.doyen;B0yy15Fiscg;#climatechangeisreal
anna.doyen;B0yy15Fiscg;#zivilerungehorsam
anna.doyen;B0yy15Fiscg;#erde
anna.doyen;B0yy15Fiscg;#fff
wavelandgang;B0yye_Ogw4u;#folkpunk
wavelandgang;B0yye_Ogw4u;#sommerkongressdortmund
wavelandgang;B0yye_Ogw4u;#barfuss
wavelandgang;B0ywnafouSw;#regentanz
wavelandgang;B0ywnafouSw;#fridaysforfuture
wavelandgang;B0ywnafouSw;#sommerkongressdortmund
wavelandgang;B0ywnafouSw;#stagediving
wavelandgang;B0ywnafouSw;#regentanz
_nico_sage;B0ytlajB4Qt;#sokofuture
christianmengel;B0yr7QDoQ7O;#klimawandel
christianmengel;B0yr7QDoQ7O;#dortmund
christianmengel;B0yr7QDoQ7O;#fridaysforfuture
christianmengel;B0yr7QDoQ7O;#dramatiker
sarah.brnk;B0yqvU8oADT;-
ronja_woh;B0ypojXI8W9;#fridaysforfuture
fridaysforfuture.neunkirchen;B0ypW3si6TU;#sommerkongress
fridaysforfuture.neunkirchen;B0ypW3si6TU;#sokofuture
fridaysforfuture.neunkirchen;B0ypW3si6TU;#klimaschutz
fridaysforfuture.neunkirchen;B0ypW3si6TU;#gretathunberg
fridaysforfuture.neunkirchen;B0ypW3si6TU;#savetheplanet
fridaysforfuture.neunkirchen;B0ypW3si6TU;#sustainable
fridaysforfuture.neunkirchen;B0ypW3si6TU;#greenplanet
fuhrmaex;B0ymz5ECqZC;#climatechangeisreal
fuhrmaex;B0ymz5ECqZC;#fridaysforfuture
fuhrmaex;B0ymz5ECqZC;#sokofuture
fuhrmaex;B0ymz5ECqZC;#demonstration
fuhrmaex;B0ymz5ECqZC;#city
fuhrmaex;B0ymz5ECqZC;#berlin
fuhrmaex;B0ymz5ECqZC;#kids
fuhrmaex;B0ymz5ECqZC;#summer
fuhrmaex;B0ymz5ECqZC;#world
fridaysforfutureguetersloh;B0yiY6epXpa;#sokofuture
fridaysforfutureguetersloh;B0yiY6epXpa;#climatejustice
fridaysforfutureguetersloh;B0yiY6epXpa;#klimastreik
fridaysforfutureguetersloh;B0yiY6epXpa;#dortmund
fridaysforfutureguetersloh;B0yg6Ecp5Ew;#climatejustice
fridaysforfutureguetersloh;B0yg6Ecp5Ew;#klimastreik
fridaysforfutureguetersloh;B0yg6Ecp5Ew;#dortmund
lisa.wandel;B0yXJ8iBtlL;#fridaysforfuture
lisa.wandel;B0yXJ8iBtlL;#Klimakrise
lisa.wandel;B0yXJ8iBtlL;#spitze
hannaxhaminh;B0yUO9TCxYI;#sokofuture
hannaxhaminh;B0yUO9TCxYI;#hatwerdensteckbrief
hannaxhaminh;B0yUO9TCxYI;#lol
deutschlandfunkkultur;B0yQYIEogRg;#klimawandel
deutschlandfunkkultur;B0yQYIEogRg;#dortmund
deutschlandfunkkultur;B0yQYIEogRg;#fridaysforfuture
deutschlandfunkkultur;B0yQYIEogRg;#dramatiker
fridaysforfuture.bodensee;B0yN-INCstj;#fridaysforfuture
fridaysforfuture.bodensee;B0yN-INCstj;#fff
fridaysforfuture.bodensee;B0yN-INCstj;#dortmund
fridaysforfuture.bodensee;B0yNOehiy-7;#sokofuture
fridaysforfuture.bodensee;B0yNOehiy-7;#fff
fridaysforfuture.bodensee;B0yNOehiy-7;#climatestrike
tierisch_engagiert;B0yHLSdpIrf;#sommerkongress
improve_the_world1;B0yE8OJngHr;#Sommerkongress
improve_the_world1;B0yE8OJngHr;#revierparkwischlingen
improve_the_world1;B0yE8OJngHr;#betterworld
improve_the_world1;B0yE8OJngHr;#zerowaste
improve_the_world1;B0yE8OJngHr;#sustainable
improve_the_world1;B0yE8OJngHr;#savetheozeans
improve_the_world1;B0yE8OJngHr;#saveourplanet
improve_the_world1;B0yE8OJngHr;#loveit
improve_the_world1;B0yE8OJngHr;#planet
improve_the_world1;B0yE8OJngHr;#klimastreik
improve_the_world1;B0yE8OJngHr;#now
improve_the_world1;B0yE8OJngHr;#doit
nonasophia;B0yCixpHpD4;-
karincompost;B0x5xc_IXIS;#sokofuture
karincompost;B0x5xc_IXIS;#parents4future
karincompost;B0x5xc_IXIS;#nachhaltig
karincompost;B0x5xc_IXIS;#reclame
karincompost;B0x5xc_IXIS;#klimaat
karincompost;B0x5xc_IXIS;#klimastreik
karincompost;B0x5xc_IXIS;#climatestrike
karincompost;B0x5xc_IXIS;#dortmund
karincompost;B0x5xc_IXIS;#communicatie
karincompost;B0x5xc_IXIS;#branding
karincompost;B0x5xc_IXIS;#wirschaffendas
karincompost;B0x5xc_IXIS;#zokanhetook
karincompost;B0x5xc_IXIS;#20september
fridaysforfuture.muelheim;B0x3MxjCz5Z;#mh
fridaysforfuture.muelheim;B0x3MxjCz5Z;#fridaysforfuture
fridaysforfuture.muelheim;B0x3MxjCz5Z;#soko
fridaysforfuture.muelheim;B0x3MxjCz5Z;#parentsforfuture
fridaysforfuture.muelheim;B0x3MxjCz5Z;#schoolstrike
fridaysforfuture.muelheim;B0x3MxjCz5Z;#dortmund
fridaysforfuture.muelheim;B0x3MxjCz5Z;#schoolstrikeforclimate
fridaysforfuture.muelheim;B0x3MxjCz5Z;#stopcoal
fridaysforfuture.muelheim;B0x3MxjCz5Z;#rweaktienverkaufen
fridaysforfuture.muelheim;B0x3MxjCz5Z;#braunkohleausstieg
fridaysforfuture.muelheim;B0x3MxjCz5Z;#hambacherforstbleibt
fridaysforfuture.muelheim;B0x3MxjCz5Z;#klimagerechtigkeit
fridaysforfuture.muelheim;B0x3MxjCz5Z;#climatechangeisreal
fridaysforfuture_bonn;B0x3CGViA3U;#sommerkongress
fridaysforfuture_bonn;B0x3CGViA3U;#fridaysforfuture
fridaysforfuture_bonn;B0x3CGViA3U;#earth
fridaysforfuture_bonn;B0x3CGViA3U;#tentakeln
fridaysforfuture_bonn;B0x3CGViA3U;#klimastreik
fridaysforfuture_bonn;B0x3CGViA3U;#actnow
fridaysforfuture_bonn;B0x3CGViA3U;#eco
fridaysforfuture.zwickau;B0xzgUMjOg1;#SoKoFuture
fridaysforfuture.zwickau;B0xzgUMjOg1;#Sommerkongress
fridaysforfuture.zwickau;B0xzgUMjOg1;#climatejustice
fridaysforfuture.zwickau;B0xzgUMjOg1;#wespoke
fridaysforfuture.zwickau;B0xzgUMjOg1;#zwickau
fridaysforfuture.zwickau;B0xzgUMjOg1;#klimawandel
corinna.ecuador.2018;B0xxsRYD-Tn;-
marie_vlie;B0xq56GgKPW;#demo
fff.borken;B0xpN2nHWTE;#climatejustice
fff.borken;B0xpN2nHWTE;#sokofuture
bluebirdela;B0xSn-nnJyI;#fridaysforfuture
bluebirdela;B0xSn-nnJyI;#strikeforclimate
bluebirdela;B0xSn-nnJyI;#savethedate
bluebirdela;B0xSn-nnJyI;#zerowastemovement
bluebirdela;B0xSn-nnJyI;#umweltfreundlich
bluebirdela;B0xSn-nnJyI;#lowimpactmovement
bluebirdela;B0xSn-nnJyI;#zerowastegermany
bluebirdela;B0xSn-nnJyI;#saynotoplastic
bluebirdela;B0xSn-nnJyI;#plastikfreileben
bluebirdela;B0xSn-nnJyI;#zerowastesummer
bluebirdela;B0xSn-nnJyI;#weltretten
tonitravel_;B0wWJ1bBesQ;#tonitravel
tonitravel_;B0wWJ1bBesQ;#fff
tonitravel_;B0wWJ1bBesQ;#fun
tonitravel_;B0wWJ1bBesQ;#now
tonitravel_;B0wWJ1bBesQ;#fridaysforfuturelandau
tonitravel_;B0wWJ1bBesQ;#sommerkongress
greenpeacejugend;B0wMUj1iWBY;#sommerkongress
greenpeacejugend;B0wMUj1iWBY;#climatestrike
greenpeacejugend;B0wMUj1iWBY;#protest
greenpeacejugend;B0wMUj1iWBY;#globalwarming
greenpeacejugend;B0wMUj1iWBY;#ecofriendly
greenpeacejugend;B0wMUj1iWBY;#peoplepower
greenpeacejugend;B0wMUj1iWBY;#demo
greenpeacejugend;B0wMUj1iWBY;#youth
greenpeacejugend;B0wMUj1iWBY;#environment
greenpeacejugend;B0wMUj1iWBY;#climate
greenpeacejugend;B0wMUj1iWBY;#savetheearth
hannaxhaminh;B0wJWWxCdpB;#sokofuture
hannaxhaminh;B0wJWWxCdpB;#mate
hannaxhaminh;B0wJWWxCdpB;#spitze
fridaysforfuture.hildesheim;B0wJB4IHLX3;#hildesheim
fridaysforfuture.hildesheim;B0wJB4IHLX3;#fff
fridaysforfuture.hildesheim;B0wJB4IHLX3;#klimaschutz
fridaysforfuture.hildesheim;B0wJB4IHLX3;#demo
fridaysforfuture_geilenkirchen;B0wH7VWhwQo;#fridaysforfuturegeilenkirchen
fridaysforfuture_geilenkirchen;B0wH7VWhwQo;#fridaysforfuture
fridaysforfuture_geilenkirchen;B0wH7VWhwQo;#climatejustice
fridaysforfuture_geilenkirchen;B0wH7VWhwQo;#dortmund
fridaysforfuture.lueneburg;B0wHjiFiW-m;#danke
fridaysforfuture.lueneburg;B0wHjiFiW-m;#fridaysforfuture
fridaysforfuture.lueneburg;B0wHjiFiW-m;#lueneburg
jolina.rlf;B0wGHKBom8E;#fridaysforfuture
jolina.rlf;B0wGHKBom8E;#sommerkongress
jolina.rlf;B0wGHKBom8E;#savethedate
jolina.rlf;B0wGHKBom8E;#hochmitdemklimaschutz
jolina.rlf;B0wGHKBom8E;#hophophopkohlestopp
jolina.rlf;B0wGHKBom8E;#klimastreik
jolina.rlf;B0wGHKBom8E;#huradieweltgehtunter
jolina.rlf;B0wGHKBom8E;#friedensbewegung
jolina.rlf;B0wGHKBom8E;#denkenhilft
fridaysforfuture.duesseldorf;B0wCnBsn2ZH;#Nationalismus
fridaysforfuture.duesseldorf;B0wCnBsn2ZH;#sokofuture
theesprits;B0wCHkljWLi;#festivalkult
youthforclimate.alsace;B0wCDFTjVbK;#schoolstrike4climate
youthforclimate.alsace;B0wCDFTjVbK;#Klima
youthforclimate.alsace;B0wCDFTjVbK;#climatejustice
youthforclimate.alsace;B0wCDFTjVbK;#climatechange
youthforclimate.alsace;B0wCDFTjVbK;#globalwarming
youthforclimate.alsace;B0wCDFTjVbK;#parisavtalet
youthforclimate.alsace;B0wCDFTjVbK;#giec
youthforclimate.alsace;B0wCDFTjVbK;#sustainable
youthforclimate.alsace;B0wCDFTjVbK;#riscaldamentoglobale
youthforclimate.alsace;B0wCDFTjVbK;#emergenzaclimatica
youthforclimate.alsace;B0wCDFTjVbK;#skolstrejk
youthforclimate.alsace;B0wCDFTjVbK;#gretathunberg
youthforclimate.alsace;B0wCDFTjVbK;#sommerkongress
fridaysforfuture_bonn;B0wA5Seiwbd;#fridaysforfuture
fridaysforfuture_bonn;B0wA5Seiwbd;#earth
fridaysforfuture_bonn;B0wA5Seiwbd;#tentakeln
fridaysforfuture_bonn;B0wA5Seiwbd;#klimastreik
fridaysforfuture_bonn;B0wA5Seiwbd;#actnow
fridaysforfuture_bonn;B0wA5Seiwbd;#eco
youthforclimate.alsace;B0wAeFUjtyi;#schoolstrike4climate
youthforclimate.alsace;B0wAeFUjtyi;#Klima
youthforclimate.alsace;B0wAeFUjtyi;#climatejustice
youthforclimate.alsace;B0wAeFUjtyi;#climatechange
youthforclimate.alsace;B0wAeFUjtyi;#globalwarming
youthforclimate.alsace;B0wAeFUjtyi;#parisavtalet
youthforclimate.alsace;B0wAeFUjtyi;#giec
youthforclimate.alsace;B0wAeFUjtyi;#sustainable
youthforclimate.alsace;B0wAeFUjtyi;#riscaldamentoglobale
youthforclimate.alsace;B0wAeFUjtyi;#emergenzaclimatica
youthforclimate.alsace;B0wAeFUjtyi;#skolstrejk
youthforclimate.alsace;B0wAeFUjtyi;#gretathunberg
youthforclimate.alsace;B0wAeFUjtyi;#sommerkongress
fridaysforfuturenbg;B0v_kUnAnmY;#sokofuture
fridaysforfuturenbg;B0v_kUnAnmY;#Dortmund
fridaysforfuturenbg;B0v_kUnAnmY;#FridaysForFuture
fridaysforfuturenbg;B0v_kUnAnmY;#klimastreik
davidwickerhf;B0v_hBYHWfk;#fridaysforfuture
paaul.2703;B0v0mKdilCr;#travel
paaul.2703;B0v0mKdilCr;#dortmund
johanna.nn;B0vz1ieIf-K;-
celine.ceco;B0vujKEqUh4;#fridaysforfuture
fridaysforfuture_os;B0vuX8iCRGm;#liebe
fff_studis_ddorf;B0vq4NxinbW;#fff
fff_studis_ddorf;B0vq4NxinbW;#dortmund
fff_studis_ddorf;B0vq4NxinbW;#climatechange
fff_studis_ddorf;B0vq4NxinbW;#nachhaltig
fff_studis_ddorf;B0vq4NxinbW;#studis
klimastreiklandau;B0vpYnkCvPm;#sokofuture
klimastreiklandau;B0vpYnkCvPm;#allefuersklima
klimastreiklandau;B0vpYnkCvPm;#fridaysforfuture
buergie.gestaltung;B0vRq_0BccX;#fffsommerkongress
buergie.gestaltung;B0vRq_0BccX;#revierparkwischlingen
buergie.gestaltung;B0vRq_0BccX;#graphicrecorder
buergie.gestaltung;B0vRq_0BccX;#bikablobildwerk
buergie.gestaltung;B0vQv6AhYqZ;#fridaysforfuture
buergie.gestaltung;B0vQv6AhYqZ;#sokofuture
buergie.gestaltung;B0vQv6AhYqZ;#politicalmovement
buergie.gestaltung;B0vQv6AhYqZ;#co2steuer
buergie.gestaltung;B0vQv6AhYqZ;#livevisualisation
buergie.gestaltung;B0vQv6AhYqZ;#graphicrecording
fridaysforfuture_tuebingen;B0vPdTOH2P9;#togetherforfuture
lets.stop.climate.change;B0vOYTKo9Q7;#sommerkongress
lets.stop.climate.change;B0vOYTKo9Q7;#climatestrike
lets.stop.climate.change;B0vOYTKo9Q7;#protest
lets.stop.climate.change;B0vOYTKo9Q7;#globalwarming
lets.stop.climate.change;B0vOYTKo9Q7;#ecofriendly
lets.stop.climate.change;B0vOYTKo9Q7;#peoplepower
lets.stop.climate.change;B0vOYTKo9Q7;#demo
lets.stop.climate.change;B0vOYTKo9Q7;#youth
lets.stop.climate.change;B0vOYTKo9Q7;#environment
lets.stop.climate.change;B0vOYTKo9Q7;#climate
lets.stop.climate.change;B0vOYTKo9Q7;#savetheearth
chfrankcgn;B0vJ6kPhraq;#summer
chfrankcgn;B0vJ6kPhraq;#sokofuture
chfrankcgn;B0vJ6kPhraq;#climateemergency
chfrankcgn;B0vJ6kPhraq;#climatestrike
chfrankcgn;B0vJ6kPhraq;#actnow
onkel_toms_huette;B0u-hiwHxYw;#sommerkongress2019
onkel_toms_huette;B0u-hiwHxYw;#sommerkongressdortmund
onkel_toms_huette;B0u-hiwHxYw;#summit
onkel_toms_huette;B0u-hiwHxYw;#fridayforfuture
onkel_toms_huette;B0u-hiwHxYw;#extinctionrebellion
onkel_toms_huette;B0u-hiwHxYw;#sustainability
onkel_toms_huette;B0u-hiwHxYw;#klimakrise
onkel_toms_huette;B0u-hiwHxYw;#climatecrisis
onkel_toms_huette;B0u-hiwHxYw;#climatejustice
onkel_toms_huette;B0u-hiwHxYw;#actnow
onkel_toms_huette;B0u-hiwHxYw;#hope
onkel_toms_huette;B0u-hiwHxYw;#jetzt
onkel_toms_huette;B0u-hiwHxYw;#anthropocene
bennypolitics;B0u10eVIxai;-
bikablo;B0uMAzGHErN;#sokofuture
bikablo;B0uMAzGHErN;#klimawandel
bikablo;B0uMAzGHErN;#gemeinsamstark
bikablo;B0uMAzGHErN;#jugendpartizipation
felix_rodenjohann;B0t76CFiKAJ;#fridaysforfuture
fridaysforfuture.lueneburg;B0ttKH3CtGj;#fridaysforfuture
fridaysforfuture.lueneburg;B0ttKH3CtGj;#dortmund
fridaysforfuture.lueneburg;B0ttKH3CtGj;#climatejustice
johannesmitterer;B0tLbx_gdQ0;#sokofuture
johannesmitterer;B0tLbx_gdQ0;#sommerkongress
parents4future.pb;B0tFbkHBLyH;#unipaderborn
parents4future.pb;B0tFbkHBLyH;#Fridays4Future
parents4future.pb;B0tFbkHBLyH;#parentsforfuture
parents4future.pb;B0tFbkHBLyH;#climatestrike
parents4future.pb;B0tFbkHBLyH;#paderbornerland
parents4future.pb;B0tFbkHBLyH;#climate
parents4future.pb;B0tFbkHBLyH;#gretathunberg
parents4future.pb;B0tFbkHBLyH;#climatechange
parents4future.pb;B0tFbkHBLyH;#schoolstrike4climate
parents4future.pb;B0tFbkHBLyH;#wirbleibenlaut
parents4future.pb;B0tFbkHBLyH;#diein
parents4future.pb;B0tFbkHBLyH;#fridaysforfuturpaderborn
parents4future.pb;B0tFbkHBLyH;#extinctionrebellion
peter_wohlleben;B0tAWeVgeuF;#fridaysforfuture
peter_wohlleben;B0tAWeVgeuF;#sokofuture
chfrankcgn;B0s6-xshdJ_;#summer
chfrankcgn;B0s6-xshdJ_;#sokofuture
chfrankcgn;B0s6-xshdJ_;#climateemergency
chfrankcgn;B0s6-xshdJ_;#climateaction
chfrankcgn;B0s6-xshdJ_;#aidansarmy
bikablo;B0snw7snL8P;#graphicrecording
bikablo;B0snw7snL8P;#co2steuer
parents4future.pb;B0sjOVEF-6S;#unipaderborn
parents4future.pb;B0sjOVEF-6S;#Fridays4Future
parents4future.pb;B0sjOVEF-6S;#parentsforfuture
parents4future.pb;B0sjOVEF-6S;#climatestrike
parents4future.pb;B0sjOVEF-6S;#paderbornerland
parents4future.pb;B0sjOVEF-6S;#climate
parents4future.pb;B0sjOVEF-6S;#gretathunberg
parents4future.pb;B0sjOVEF-6S;#climatechange
parents4future.pb;B0sjOVEF-6S;#schoolstrike4climate
parents4future.pb;B0sjOVEF-6S;#wirbleibenlaut
parents4future.pb;B0sjOVEF-6S;#diein
parents4future.pb;B0sjOVEF-6S;#fridaysforfuturpaderborn
parents4future.pb;B0sjOVEF-6S;#extinctionrebellion
parents4future.pb;B0sjOVEF-6S;#sokofuture
fff_studis_ddorf;B0sS-CwCTZF;#fridaysforfuture
fff_studis_ddorf;B0sS-CwCTZF;#workshops
fridaysforfuture_gangelt;B0sSWcnj_ol;#sokofuture
fridaysforfuture_gangelt;B0sSWcnj_ol;#dortmund
fridaysforfuture_gangelt;B0sSWcnj_ol;#wdr
fridaysforfuture_gangelt;B0sSWcnj_ol;#ard
fridaysforfuture_gangelt;B0sRdtnjhsN;#zdf
fridaysforfuture_gangelt;B0sRdtnjhsN;#fridaysforfuturedeutschland
fridaysforfuture_gangelt;B0sRdtnjhsN;#systemchangenotclimatechange
fridaysforfuture_gangelt;B0sRdtnjhsN;#fffsommerkongress
fridaysforfuture_gangelt;B0sRdtnjhsN;#tagesschau
bikablo;B0rUnnRn3nr;#graphicrecording
bikablo;B0rUnnRn3nr;#climatejustice
bikablo;B0rUnnRn3nr;#workshop
bikablo;B0rUnnRn3nr;#bikablo
fridaysforfuture.oldenburg;B0rJl8Bnmcu;#sokofuture
fridaysforfuture.oldenburg;B0rJl8Bnmcu;#klimakatastrophe
fridaysforfuture.oldenburg;B0rJl8Bnmcu;#parents4future
fridaysforfuture.oldenburg;B0rJl8Bnmcu;#oldenburgcity
fridaysforfuture.oldenburg;B0rJl8Bnmcu;#KlimaschutzkenntkeineSommerferien
fridaysforfuture.oldenburg;B0rJl8Bnmcu;#camping
fffgiessen;B0rJadHieMO;#fridaysforfuture
fridaysforfuture.ac;B0rJIA-KmJX;#sokofuture
fridaysforfuture.ac;B0rJIA-KmJX;#aachen
fridaysforfuture.ac;B0rJIA-KmJX;#aachenifizierung
fridaysforfuture.ac;B0rJIA-KmJX;#brassriot
greenpeacejugend;B0rHedGCnAm;#sommerkongress
greenpeacejugend;B0rHedGCnAm;#climatestrike
greenpeacejugend;B0rHedGCnAm;#protest
greenpeacejugend;B0rHedGCnAm;#globalwarming
greenpeacejugend;B0rHedGCnAm;#ecofriendly
greenpeacejugend;B0rHedGCnAm;#peoplepower
greenpeacejugend;B0rHedGCnAm;#demo
greenpeacejugend;B0rHedGCnAm;#youth
greenpeacejugend;B0rHedGCnAm;#environment
greenpeacejugend;B0rHedGCnAm;#climate
greenpeacejugend;B0rHedGCnAm;#savetheearth
klimastreiklandau;B0rHBh-CGK0;#fridaysforfuture
iaademo;B0rElzZl89H;#aussteigen
martina_grigoleit;B0q_QLsn5ST;#bikablo
martina_grigoleit;B0q_QLsn5ST;#visualfacilitation
martina_grigoleit;B0q_QLsn5ST;#klimaschutz
fridaysforfutureguetersloh;B0q2z7nJnJP;#climatejustice
fridaysforfutureguetersloh;B0q2z7nJnJP;#klimastreik
fridaysforfutureguetersloh;B0q2z7nJnJP;#dortmund
jochen_hahi;B0q15J_g75o;#sokofuture
theesprits;B0q1XcHqNwa;#fridaysforfuture
fridaysforfutureguetersloh;B0q1WqmJPk4;#climatejustice
fridaysforfutureguetersloh;B0q1WqmJPk4;#klimastreik
fridaysforfutureguetersloh;B0q1WqmJPk4;#dortmund
fridaysforfuture_bonn;B0qz6CEi1G8;#dortmund
fridaysforfuture_bonn;B0qz6CEi1G8;#erde
fridaysforfuture_bonn;B0qz6CEi1G8;#tentakeln
fridaysforfuture_bonn;B0qz6CEi1G8;#klimastreik
fridaysforfuture_bonn;B0qz6CEi1G8;#actnow
fridaysforfuture_bonn;B0qz6CEi1G8;#eco
klimastreiklandau;B0qsQSbiZef;#SoKofuture
klimastreiklandau;B0qsQSbiZef;#allefuersklima
nrwtv_aachen;B0qraLSnZQN;#FridaysForFuture
nrwtv_aachen;B0qraLSnZQN;#SoKoFuture
nrwtv_aachen;B0qraLSnZQN;#FridaysForFuture
fff.borken;B0qffY3nGHF;#fridaysforfutureborken
fff.borken;B0qffY3nGHF;#klimademo
fff.borken;B0qffY3nGHF;#everydayforfuture
dortmunderu;B0qeSQpisbc;#SoKoFuture
dortmunderu;B0qeSQpisbc;#fridayforfuture
dortmunderu;B0qeSQpisbc;#cartoonsforfuture
dortmunderu;B0qeSQpisbc;#climatecrisis
dortmunderu;B0qeSQpisbc;#klima
dortmunderu;B0qeSQpisbc;#ausstellung
dortmunderu;B0qeSQpisbc;#dortmund
fridaysforfuture.celle;B0qYH3boJ5T;#sommerkongress
fridaysforfuture.celle;B0qYH3boJ5T;#fridaysforfuture
fridaysforfuture.celle;B0qYH3boJ5T;#fridaysforfuturecelle
fridaysforfuture.celle;B0qYH3boJ5T;#actnow
fridaysforfuture.celle;B0qYH3boJ5T;#climatejustice
fridaysforfuture.celle;B0qYH3boJ5T;#climatestrike
wdr;B0qXC_VqoZC;#dortmund
wdr;B0qXC_VqoZC;#wdr
clausdieterstille;B0qWPxAF-7h;-
chfrankcgn;B0qVaJWhyte;#summer
chfrankcgn;B0qVaJWhyte;#sokofuture
chfrankcgn;B0qVaJWhyte;#climatestrike
chfrankcgn;B0qVaJWhyte;#actnow
chfrankcgn;B0qVaJWhyte;#gstdarmy
chfrankcgn;B0qVaJWhyte;#embersquad
fridaysforfuture_gangelt;B0qPWgInJGM;#luisaneubauer
nrwtv_aachen;B0qJeJkHfOS;#fridayforfutureaachen
revogermany;B0qJc27gycV;#sokofuture
revogermany;B0qJc27gycV;#Umweltschutz
revogermany;B0qJc27gycV;#antikapitalismus
revogermany;B0qJc27gycV;#Generalstreik
revogermany;B0qJc27gycV;#fff
revogermany;B0qJc27gycV;#antifa
revogermany;B0qJc27gycV;#noplanetb
revogermany;B0qJc27gycV;#demo
revogermany;B0qJc27gycV;#Sozialismus
derjugendrat;B0qECwQCRsl;#youthforclimate
derjugendrat;B0qECwQCRsl;#dieneuegeneration
derjugendrat;B0qECwQCRsl;#newgeneration
derjugendrat;B0qECwQCRsl;#fridaysforfuture
derjugendrat;B0qECwQCRsl;#actnow
fridaysforfuture_os;B0qDiPniJyg;#sokofuture
nrwtv_aachen;B0qDDBcnBDX;#SoKoFuture
nrwtv_aachen;B0qDDBcnBDX;#gretathunberg
bella.tati11;B0qAunenUqB;#fridaysforfuturegermany
bella.tati11;B0qAunenUqB;#climateactionnow
bella.tati11;B0qAunenUqB;#thereisnoplanetb
bella.tati11;B0qAunenUqB;#klimaschutz
bikablo;B0p_NZMHSXA;#empowerment
bikablo;B0p_NZMHSXA;#strukturwandel
fridaysforfuture.vs;B0p5sjLhTCl;#fff
fridaysforfuture.vs;B0p5sjLhTCl;#sokofuture
visualisierungsfuchs;B0p4sJQCanb;#fridaysforfuture
visualisierungsfuchs;B0p4sJQCanb;#dortmund
visualisierungsfuchs;B0p4sJQCanb;#graphicrecorder
visualisierungsfuchs;B0p4sJQCanb;#Generation
visualisierungsfuchs;B0p4sJQCanb;#zukunft
visualisierungsfuchs;B0p4sJQCanb;#bessere
visualisierungsfuchs;B0p4sJQCanb;#graphicrecording
visualisierungsfuchs;B0p4sJQCanb;#sokofuture
visualisierungsfuchs;B0p4sJQCanb;#visualfacilitation
visualisierungsfuchs;B0p4sJQCanb;#livedokumentation
fff_studis_ddorf;B0p4B40CYi7;#fff
fff_studis_ddorf;B0p4B40CYi7;#dortmund
fff_studis_ddorf;B0p4B40CYi7;#sommerkongress
fff_studis_ddorf;B0p4B40CYi7;#klimaschutz
fridaysforfuture_gangelt;B0p2RmHHSEU;#sokofuture
fridaysforfuture_gangelt;B0p2RmHHSEU;#forfuture
fridaysforfuture_gangelt;B0p2RmHHSEU;#dortmundwischlingen
klimastreiklandau;B0pcf1ZCoV7;-
martina_grigoleit;B0oxR6PC-Bl;#sokofuture
brandstuve;B0ooxokFlgE;#BRANDSTUVE
brandstuve;B0ooxokFlgE;#fridaysforfuture
brandstuve;B0ooxokFlgE;#fff
brandstuve;B0ooxokFlgE;#soko
brandstuve;B0ooxokFlgE;#climatejustice
brandstuve;B0ooxokFlgE;#kohlestopp
johanna_von_hackewitz;B0omlhrAbF_;#fridaysforfuture
johanna_von_hackewitz;B0omlhrAbF_;#spitze
johanna_von_hackewitz;B0omlhrAbF_;#fff
johanna_von_hackewitz;B0omlhrAbF_;#studisforfuture
johanna_von_hackewitz;B0omlhrAbF_;#sokofuture
johanna_von_hackewitz;B0omlhrAbF_;#verkehrswende
derjugendrat;B0n5d_3ihyJ;#fridaysforfuture
onkel_toms_huette;B0nSSagCPPm;#sommerkongressdortmund
onkel_toms_huette;B0nSSagCPPm;#summit
onkel_toms_huette;B0nSSagCPPm;#fridayforfuture
onkel_toms_huette;B0nSSagCPPm;#extinctionrebellion
onkel_toms_huette;B0nSSagCPPm;#klimawandel
onkel_toms_huette;B0nSSagCPPm;#climatechange
onkel_toms_huette;B0nSSagCPPm;#climatechangeisreal
onkel_toms_huette;B0nSSagCPPm;#climatejusticenow
onkel_toms_huette;B0nSSagCPPm;#climatechangeisreal
onkel_toms_huette;B0nSSagCPPm;#fortheplanet
onkel_toms_huette;B0nSSagCPPm;#kaffee
onkel_toms_huette;B0nSSagCPPm;#kaffeeliebe
onkel_toms_huette;B0nSSagCPPm;#kidrobot
onkel_toms_huette;B0WFJ1uCkXv;#sommerkongressdortmund
onkel_toms_huette;B0WFJ1uCkXv;#fridayforfuture
onkel_toms_huette;B0WFJ1uCkXv;#extinctionrebellion
onkel_toms_huette;B0WFJ1uCkXv;#demonstration
onkel_toms_huette;B0WFJ1uCkXv;#blueplanet
onkel_toms_huette;B0WFJ1uCkXv;#sustainability
onkel_toms_huette;B0WFJ1uCkXv;#klimakrise
onkel_toms_huette;B0WFJ1uCkXv;#climatecrisis
onkel_toms_huette;B0WFJ1uCkXv;#climatestrike
onkel_toms_huette;B0WFJ1uCkXv;#climatejustice
onkel_toms_huette;B0WFJ1uCkXv;#climatechangeisreal
onkel_toms_huette;B0WFJ1uCkXv;#people
onkel_toms_huette;B0WFJ1uCkXv;#fightfordemocracy
youthforclimate.alsace;Bu-oTFSHgFk;#schoolstrike4climate
youthforclimate.alsace;Bu-oTFSHgFk;#Klima
youthforclimate.alsace;Bu-oTFSHgFk;#climatejustice
youthforclimate.alsace;Bu-oTFSHgFk;#climatechange
youthforclimate.alsace;Bu-oTFSHgFk;#globalwarming
youthforclimate.alsace;Bu-oTFSHgFk;#parisavtalet
youthforclimate.alsace;Bu-oTFSHgFk;#giec
youthforclimate.alsace;Bu-oTFSHgFk;#sustainable
youthforclimate.alsace;Bu-oTFSHgFk;#riscaldamentoglobale
youthforclimate.alsace;Bu-oTFSHgFk;#emergenzaclimatica
youthforclimate.alsace;Bu-oTFSHgFk;#skolstrejk
youthforclimate.alsace;Bu-oTFSHgFk;#gretathunberg
youthforclimate.alsace;Bu-oTFSHgFk;#sommerkongress
youthforclimate.alsace;Bu-oJJXnmQZ;#schoolstrike4climate
youthforclimate.alsace;Bu-oJJXnmQZ;#Klima
youthforclimate.alsace;Bu-oJJXnmQZ;#climatejustice
youthforclimate.alsace;Bu-oJJXnmQZ;#climatechange
youthforclimate.alsace;Bu-oJJXnmQZ;#globalwarming
youthforclimate.alsace;Bu-oJJXnmQZ;#parisavtalet
youthforclimate.alsace;Bu-oJJXnmQZ;#giec
youthforclimate.alsace;Bu-oJJXnmQZ;#sustainable
youthforclimate.alsace;Bu-oJJXnmQZ;#riscaldamentoglobale
youthforclimate.alsace;Bu-oJJXnmQZ;#emergenzaclimatica
youthforclimate.alsace;Bu-oJJXnmQZ;#skolstrejk
youthforclimate.alsace;Bu-oJJXnmQZ;#gretathunberg
youthforclimate.alsace;Bu-oJJXnmQZ;#sommerkongress
youthforclimate.alsace;Bu-n_q6n_YW;#schoolstrike4climate
youthforclimate.alsace;Bu-n_q6n_YW;#Klima
youthforclimate.alsace;Bu-n_q6n_YW;#climatejustice
youthforclimate.alsace;Bu-n_q6n_YW;#climatechange
youthforclimate.alsace;Bu-n_q6n_YW;#globalwarming
youthforclimate.alsace;Bu-n_q6n_YW;#parisavtalet
youthforclimate.alsace;Bu-n_q6n_YW;#giec
youthforclimate.alsace;Bu-n_q6n_YW;#sustainable
youthforclimate.alsace;Bu-n_q6n_YW;#riscaldamentoglobale
youthforclimate.alsace;Bu-n_q6n_YW;#emergenzaclimatica
youthforclimate.alsace;Bu-n_q6n_YW;#skolstrejk
youthforclimate.alsace;Bu-n_q6n_YW;#gretathunberg
youthforclimate.alsace;Bu-n_q6n_YW;#sommerkongress
youthforclimate.alsace;Bu-ml8AH1x_;#schoolstrike4climate
youthforclimate.alsace;Bu-ml8AH1x_;#Klima
youthforclimate.alsace;Bu-ml8AH1x_;#climatejustice
youthforclimate.alsace;Bu-ml8AH1x_;#climatechange
youthforclimate.alsace;Bu-ml8AH1x_;#globalwarming
youthforclimate.alsace;Bu-ml8AH1x_;#parisavtalet
youthforclimate.alsace;Bu-ml8AH1x_;#giec
youthforclimate.alsace;Bu-ml8AH1x_;#sustainable
youthforclimate.alsace;Bu-ml8AH1x_;#riscaldamentoglobale
youthforclimate.alsace;Bu-ml8AH1x_;#emergenzaclimatica
youthforclimate.alsace;Bu-ml8AH1x_;#skolstrejk
youthforclimate.alsace;Bu-ml8AH1x_;#gretathunberg
youthforclimate.alsace;Bu-ml8AH1x_;#sommerkongress
youthforclimate.alsace;Bu94kesnUN1;#schoolstrike4climate
youthforclimate.alsace;Bu94kesnUN1;#Klima
youthforclimate.alsace;Bu94kesnUN1;#climatejustice
youthforclimate.alsace;Bu94kesnUN1;#climatechange
youthforclimate.alsace;Bu94kesnUN1;#globalwarming
youthforclimate.alsace;Bu94kesnUN1;#parisavtalet
youthforclimate.alsace;Bu94kesnUN1;#giec
youthforclimate.alsace;Bu94kesnUN1;#sustainable
youthforclimate.alsace;Bu94kesnUN1;#riscaldamentoglobale
youthforclimate.alsace;Bu94kesnUN1;#emergenzaclimatica
youthforclimate.alsace;Bu94kesnUN1;#skolstrejk
youthforclimate.alsace;Bu94kesnUN1;#gretathunberg
youthforclimate.alsace;Bu94kesnUN1;#sommerkongress
youthforclimate.alsace;Bu93FRLnOcw;#schoolstrike4climate
youthforclimate.alsace;Bu93FRLnOcw;#Klima
youthforclimate.alsace;Bu93FRLnOcw;#climatejustice
youthforclimate.alsace;Bu93FRLnOcw;#climatechange
youthforclimate.alsace;Bu93FRLnOcw;#globalwarming
youthforclimate.alsace;Bu93FRLnOcw;#parisavtalet
youthforclimate.alsace;Bu93FRLnOcw;#giec
youthforclimate.alsace;Bu93FRLnOcw;#sustainable
youthforclimate.alsace;Bu93FRLnOcw;#riscaldamentoglobale
youthforclimate.alsace;Bu93FRLnOcw;#emergenzaclimatica
youthforclimate.alsace;Bu93FRLnOcw;#skolstrejk
youthforclimate.alsace;Bu93FRLnOcw;#gretathunberg
youthforclimate.alsace;Bu93FRLnOcw;#sommerkongress
youthforclimate.alsace;Bu92qSinEGZ;#schoolstrike4climate
youthforclimate.alsace;Bu92qSinEGZ;#Klima
youthforclimate.alsace;Bu92qSinEGZ;#climatejustice
youthforclimate.alsace;Bu92qSinEGZ;#climatechange
youthforclimate.alsace;Bu92qSinEGZ;#globalwarming
youthforclimate.alsace;Bu92qSinEGZ;#parisavtalet
youthforclimate.alsace;Bu92qSinEGZ;#giec
youthforclimate.alsace;Bu92qSinEGZ;#sustainable
youthforclimate.alsace;Bu92qSinEGZ;#riscaldamentoglobale
youthforclimate.alsace;Bu92qSinEGZ;#emergenzaclimatica
youthforclimate.alsace;Bu92qSinEGZ;#skolstrejk
youthforclimate.alsace;Bu92qSinEGZ;#gretathunberg
youthforclimate.alsace;Bu92qSinEGZ;#sommerkongress
youthforclimate.alsace;Bu91sRuHZ3q;#schoolstrike4climate
youthforclimate.alsace;Bu91sRuHZ3q;#Klima
youthforclimate.alsace;Bu91sRuHZ3q;#climatejustice
youthforclimate.alsace;Bu91sRuHZ3q;#climatechange
youthforclimate.alsace;Bu91sRuHZ3q;#globalwarming
youthforclimate.alsace;Bu91sRuHZ3q;#parisavtalet
youthforclimate.alsace;Bu91sRuHZ3q;#giec
youthforclimate.alsace;Bu91sRuHZ3q;#sustainable
youthforclimate.alsace;Bu91sRuHZ3q;#riscaldamentoglobale
youthforclimate.alsace;Bu91sRuHZ3q;#emergenzaclimatica
youthforclimate.alsace;Bu91sRuHZ3q;#skolstrejk
youthforclimate.alsace;Bu91sRuHZ3q;#gretathunberg
youthforclimate.alsace;Bu91sRuHZ3q;#sommerkongress
youthforclimate.alsace;B0oqwfkjJ0K;#schoolstrike4climate
youthforclimate.alsace;B0oqwfkjJ0K;#Klima
youthforclimate.alsace;B0oqwfkjJ0K;#climatejustice
youthforclimate.alsace;B0oqwfkjJ0K;#climatechange
youthforclimate.alsace;B0oqwfkjJ0K;#globalwarming
youthforclimate.alsace;B0oqwfkjJ0K;#parisavtalet
youthforclimate.alsace;B0oqwfkjJ0K;#giec
youthforclimate.alsace;B0oqwfkjJ0K;#sustainable
youthforclimate.alsace;B0oqwfkjJ0K;#riscaldamentoglobale
youthforclimate.alsace;B0oqwfkjJ0K;#emergenzaclimatica
youthforclimate.alsace;B0oqwfkjJ0K;#skolstrejk
youthforclimate.alsace;B0oqwfkjJ0K;#gretathunberg
youthforclimate.alsace;B0oqwfkjJ0K;#sommerkongress
youthforclimate.alsace;B0opvPwCPSe;#schoolstrike4climate
youthforclimate.alsace;B0opvPwCPSe;#Klima
youthforclimate.alsace;B0opvPwCPSe;#climatejustice
youthforclimate.alsace;B0opvPwCPSe;#climatechange
youthforclimate.alsace;B0opvPwCPSe;#globalwarming
youthforclimate.alsace;B0opvPwCPSe;#parisavtalet
youthforclimate.alsace;B0opvPwCPSe;#giec
youthforclimate.alsace;B0opvPwCPSe;#sustainable
youthforclimate.alsace;B0opvPwCPSe;#riscaldamentoglobale
youthforclimate.alsace;B0opvPwCPSe;#emergenzaclimatica
youthforclimate.alsace;B0opvPwCPSe;#skolstrejk
youthforclimate.alsace;B0opvPwCPSe;#gretathunberg
youthforclimate.alsace;B0opvPwCPSe;#sommerkongress
fridaysforfuturehalle;B0oi9F-H4mE;#ParentsForFuture
zdflogo;B0oUd8aF4GR;#ZDFlogo
fftw_futurefortheworld;B0oTrH2g_XO;-
sommerkongress;B0oMq7-HLHu;#Revierpark
jokoklaas_fp_at;B0oKFIei3m6;#f4f
jokoklaas_fp_at;B0oKFIei3m6;#wirsindmehr
jokoklaas_fp_at;B0oII6TCFTF;#sokofuture
jwdmag;B0n_1Vmo6YZ;#sokofuture
goblindortmund;B0n6zpoIb8V;-
fff_rastede;B0n2ckpiuZZ;#fridaysforfuture
fff_rastede;B0n2ckpiuZZ;#climatejustice
fff_rastede;B0n2ckpiuZZ;#climatejusticewithoutborders
fff_rastede;B0n2ckpiuZZ;#actforfuture
fridaysforfuturekempten;B0nthowoqwp;-
youthforclimate.alsace;B0niZwbC96R;#schoolstrike4climate
youthforclimate.alsace;B0niZwbC96R;#Klima
youthforclimate.alsace;B0niZwbC96R;#climatejustice
youthforclimate.alsace;B0niZwbC96R;#climatechange
youthforclimate.alsace;B0niZwbC96R;#globalwarming
youthforclimate.alsace;B0niZwbC96R;#parisavtalet
youthforclimate.alsace;B0niZwbC96R;#giec
youthforclimate.alsace;B0niZwbC96R;#sustainable
youthforclimate.alsace;B0niZwbC96R;#riscaldamentoglobale
youthforclimate.alsace;B0niZwbC96R;#emergenzaclimatica
youthforclimate.alsace;B0niZwbC96R;#skolstrejk
youthforclimate.alsace;B0niZwbC96R;#gretathunberg
youthforclimate.alsace;B0niZwbC96R;#sommerkongress
chfrankcgn;B0neW09o3-C;#congress
chfrankcgn;B0neW09o3-C;#fridaysforfuture
chfrankcgn;B0neW09o3-C;#extinctionrebellion
chfrankcgn;B0neW09o3-C;#teamoskar
chfrankcgn;B0neW09o3-C;#embersquad
youthforclimate.alsace;B0nZ0LAj4E0;#schoolstrike4climate
youthforclimate.alsace;B0nZ0LAj4E0;#Klima
youthforclimate.alsace;B0nZ0LAj4E0;#climatejustice
youthforclimate.alsace;B0nZ0LAj4E0;#climatechange
youthforclimate.alsace;B0nZ0LAj4E0;#globalwarming
youthforclimate.alsace;B0nZ0LAj4E0;#parisavtalet
youthforclimate.alsace;B0nZ0LAj4E0;#giec
youthforclimate.alsace;B0nZ0LAj4E0;#sustainable
youthforclimate.alsace;B0nZ0LAj4E0;#riscaldamentoglobale
youthforclimate.alsace;B0nZ0LAj4E0;#emergenzaclimatica
youthforclimate.alsace;B0nZ0LAj4E0;#skolstrejk
youthforclimate.alsace;B0nZ0LAj4E0;#gretathunberg
youthforclimate.alsace;B0nZ0LAj4E0;#sommerkongress
springerjacobyaustria;B0nS8Pfl3wH;-
larawlost;B0mWpR8oTF0;#savetheplanet
larawlost;B0mWpR8oTF0;#savetheocean
larawlost;B0mWpR8oTF0;#notclimatechange
larawlost;B0mWpR8oTF0;#feeling
youthforclimate.alsace;B0mEYafi5K8;#schoolstrike4climate
youthforclimate.alsace;B0mEYafi5K8;#Klima
youthforclimate.alsace;B0mEYafi5K8;#climatejustice
youthforclimate.alsace;B0mEYafi5K8;#climatechange
youthforclimate.alsace;B0mEYafi5K8;#globalwarming
youthforclimate.alsace;B0mEYafi5K8;#parisavtalet
youthforclimate.alsace;B0mEYafi5K8;#giec
youthforclimate.alsace;B0mEYafi5K8;#sustainable
youthforclimate.alsace;B0mEYafi5K8;#riscaldamentoglobale
youthforclimate.alsace;B0mEYafi5K8;#emergenzaclimatica
youthforclimate.alsace;B0mEYafi5K8;#skolstrejk
youthforclimate.alsace;B0mEYafi5K8;#gretathunberg
youthforclimate.alsace;B0mEYafi5K8;#sommerkongress
momentografie;B0l00DKo-uG;#Sommerkongress
momentografie;B0l00DKo-uG;#SoKoFuture
fridaysforfuture_os;B0lx6t_Cdu7;#fridaysforfuture
youthforclimate.alsace;B0lnmXKi_Ac;#schoolstrike4climate
youthforclimate.alsace;B0lnmXKi_Ac;#Klima
youthforclimate.alsace;B0lnmXKi_Ac;#climatejustice
youthforclimate.alsace;B0lnmXKi_Ac;#climatechange
youthforclimate.alsace;B0lnmXKi_Ac;#globalwarming
youthforclimate.alsace;B0lnmXKi_Ac;#parisavtalet
youthforclimate.alsace;B0lnmXKi_Ac;#giec
youthforclimate.alsace;B0lnmXKi_Ac;#sustainable
youthforclimate.alsace;B0lnmXKi_Ac;#riscaldamentoglobale
youthforclimate.alsace;B0lnmXKi_Ac;#emergenzaclimatica
youthforclimate.alsace;B0lnmXKi_Ac;#skolstrejk
youthforclimate.alsace;B0lnmXKi_Ac;#gretathunberg
youthforclimate.alsace;B0lnmXKi_Ac;#sommerkongress
youthforclimate.alsace;B0lnDiVCyPm;#schoolstrike4climate
youthforclimate.alsace;B0lnDiVCyPm;#Klima
youthforclimate.alsace;B0lnDiVCyPm;#climatejustice
youthforclimate.alsace;B0lnDiVCyPm;#climatechange
youthforclimate.alsace;B0lnDiVCyPm;#globalwarming
youthforclimate.alsace;B0lnDiVCyPm;#parisavtalet
youthforclimate.alsace;B0lnDiVCyPm;#giec
youthforclimate.alsace;B0lnDiVCyPm;#sustainable
youthforclimate.alsace;B0lnDiVCyPm;#riscaldamentoglobale
youthforclimate.alsace;B0lnDiVCyPm;#emergenzaclimatica
youthforclimate.alsace;B0lnDiVCyPm;#skolstrejk
youthforclimate.alsace;B0lnDiVCyPm;#gretathunberg
youthforclimate.alsace;B0lnDiVCyPm;#sommerkongress
youthforclimate.alsace;B0la78GC7eN;#schoolstrike4climate
youthforclimate.alsace;B0la78GC7eN;#Klima
youthforclimate.alsace;B0la78GC7eN;#climatejustice
youthforclimate.alsace;B0la78GC7eN;#climatechange
youthforclimate.alsace;B0la78GC7eN;#globalwarming
youthforclimate.alsace;B0la78GC7eN;#parisavtalet
youthforclimate.alsace;B0la78GC7eN;#giec
youthforclimate.alsace;B0la78GC7eN;#sustainable
youthforclimate.alsace;B0la78GC7eN;#riscaldamentoglobale
youthforclimate.alsace;B0la78GC7eN;#emergenzaclimatica
youthforclimate.alsace;B0la78GC7eN;#skolstrejk
youthforclimate.alsace;B0la78GC7eN;#gretathunberg
youthforclimate.alsace;B0la78GC7eN;#sommerkongress
fridaysforfuture_gangelt;B0latmqioQL;#fridaysforfuture
youthforclimate.alsace;B0laRlYjp40;#schoolstrike4climate
youthforclimate.alsace;B0laRlYjp40;#Klima
youthforclimate.alsace;B0laRlYjp40;#climatejustice
youthforclimate.alsace;B0laRlYjp40;#climatechange
youthforclimate.alsace;B0laRlYjp40;#globalwarming
youthforclimate.alsace;B0laRlYjp40;#parisavtalet
youthforclimate.alsace;B0laRlYjp40;#giec
youthforclimate.alsace;B0laRlYjp40;#sustainable
youthforclimate.alsace;B0laRlYjp40;#riscaldamentoglobale
youthforclimate.alsace;B0laRlYjp40;#emergenzaclimatica
youthforclimate.alsace;B0laRlYjp40;#skolstrejk
youthforclimate.alsace;B0laRlYjp40;#gretathunberg
youthforclimate.alsace;B0laRlYjp40;#sommerkongress
youthforclimate.alsace;B0laM5dizOY;#schoolstrike4climate
youthforclimate.alsace;B0laM5dizOY;#Klima
youthforclimate.alsace;B0laM5dizOY;#climatejustice
youthforclimate.alsace;B0laM5dizOY;#climatechange
youthforclimate.alsace;B0laM5dizOY;#globalwarming
youthforclimate.alsace;B0laM5dizOY;#parisavtalet
youthforclimate.alsace;B0laM5dizOY;#giec
youthforclimate.alsace;B0laM5dizOY;#sustainable
youthforclimate.alsace;B0laM5dizOY;#riscaldamentoglobale
youthforclimate.alsace;B0laM5dizOY;#emergenzaclimatica
youthforclimate.alsace;B0laM5dizOY;#skolstrejk
youthforclimate.alsace;B0laM5dizOY;#gretathunberg
youthforclimate.alsace;B0laM5dizOY;#sommerkongress
youthforclimate.alsace;B0laB55jTJM;#schoolstrike4climate
youthforclimate.alsace;B0laB55jTJM;#Klima
youthforclimate.alsace;B0laB55jTJM;#climatejustice
youthforclimate.alsace;B0laB55jTJM;#climatechange
youthforclimate.alsace;B0laB55jTJM;#globalwarming
youthforclimate.alsace;B0laB55jTJM;#parisavtalet
youthforclimate.alsace;B0laB55jTJM;#giec
youthforclimate.alsace;B0laB55jTJM;#sustainable
youthforclimate.alsace;B0laB55jTJM;#riscaldamentoglobale
youthforclimate.alsace;B0laB55jTJM;#emergenzaclimatica
youthforclimate.alsace;B0laB55jTJM;#skolstrejk
youthforclimate.alsace;B0laB55jTJM;#gretathunberg
youthforclimate.alsace;B0laB55jTJM;#sommerkongress
youthforclimate.alsace;B0lZ1mejmau;#schoolstrike4climate
youthforclimate.alsace;B0lZ1mejmau;#Klima
youthforclimate.alsace;B0lZ1mejmau;#climatejustice
youthforclimate.alsace;B0lZ1mejmau;#climatechange
youthforclimate.alsace;B0lZ1mejmau;#globalwarming
youthforclimate.alsace;B0lZ1mejmau;#parisavtalet
youthforclimate.alsace;B0lZ1mejmau;#giec
youthforclimate.alsace;B0lZ1mejmau;#sustainable
youthforclimate.alsace;B0lZ1mejmau;#riscaldamentoglobale
youthforclimate.alsace;B0lZ1mejmau;#emergenzaclimatica
youthforclimate.alsace;B0lZ1mejmau;#skolstrejk
youthforclimate.alsace;B0lZ1mejmau;#gretathunberg
youthforclimate.alsace;B0lZ1mejmau;#sommerkongress
youthforclimate.alsace;B0lZce3D-io;#schoolstrike4climate
youthforclimate.alsace;B0lZce3D-io;#Klima
youthforclimate.alsace;B0lZce3D-io;#climatejustice
youthforclimate.alsace;B0lZce3D-io;#climatechange
youthforclimate.alsace;B0lZce3D-io;#globalwarming
youthforclimate.alsace;B0lZce3D-io;#parisavtalet
youthforclimate.alsace;B0lZce3D-io;#giec
youthforclimate.alsace;B0lZce3D-io;#sustainable
youthforclimate.alsace;B0lZce3D-io;#riscaldamentoglobale
youthforclimate.alsace;B0lZce3D-io;#emergenzaclimatica
youthforclimate.alsace;B0lZce3D-io;#skolstrejk
youthforclimate.alsace;B0lZce3D-io;#gretathunberg
youthforclimate.alsace;B0lZce3D-io;#sommerkongress
youthforclimate.alsace;B0lQh1EDmmH;#schoolstrike4climate
youthforclimate.alsace;B0lQh1EDmmH;#Klima
youthforclimate.alsace;B0lQh1EDmmH;#climatejustice
youthforclimate.alsace;B0lQh1EDmmH;#climatechange
youthforclimate.alsace;B0lQh1EDmmH;#globalwarming
youthforclimate.alsace;B0lQh1EDmmH;#parisavtalet
youthforclimate.alsace;B0lQh1EDmmH;#giec
youthforclimate.alsace;B0lQh1EDmmH;#sustainable
youthforclimate.alsace;B0lQh1EDmmH;#riscaldamentoglobale
youthforclimate.alsace;B0lQh1EDmmH;#emergenzaclimatica
youthforclimate.alsace;B0lQh1EDmmH;#skolstrejk
youthforclimate.alsace;B0lQh1EDmmH;#gretathunberg
youthforclimate.alsace;B0lQh1EDmmH;#sommerkongress
youthforclimate.alsace;B0lPhK-j29I;#schoolstrike4climate
youthforclimate.alsace;B0lPhK-j29I;#Klima
youthforclimate.alsace;B0lPhK-j29I;#climatejustice
youthforclimate.alsace;B0lPhK-j29I;#climatechange
youthforclimate.alsace;B0lPhK-j29I;#globalwarming
youthforclimate.alsace;B0lPhK-j29I;#parisavtalet
youthforclimate.alsace;B0lPhK-j29I;#giec
youthforclimate.alsace;B0lPhK-j29I;#sustainable
youthforclimate.alsace;B0lPhK-j29I;#riscaldamentoglobale
youthforclimate.alsace;B0lPhK-j29I;#emergenzaclimatica
youthforclimate.alsace;B0lPhK-j29I;#skolstrejk
youthforclimate.alsace;B0lPhK-j29I;#gretathunberg
youthforclimate.alsace;B0lPhK-j29I;#sommerkongress
youthforclimate.alsace;B0lM0MEjFkr;#schoolstrike4climate
youthforclimate.alsace;B0lM0MEjFkr;#Klima
youthforclimate.alsace;B0lM0MEjFkr;#climatejustice
youthforclimate.alsace;B0lM0MEjFkr;#climatechange
youthforclimate.alsace;B0lM0MEjFkr;#globalwarming
youthforclimate.alsace;B0lM0MEjFkr;#parisavtalet
youthforclimate.alsace;B0lM0MEjFkr;#giec
youthforclimate.alsace;B0lM0MEjFkr;#sustainable
youthforclimate.alsace;B0lM0MEjFkr;#riscaldamentoglobale
youthforclimate.alsace;B0lM0MEjFkr;#emergenzaclimatica
youthforclimate.alsace;B0lM0MEjFkr;#skolstrejk
youthforclimate.alsace;B0lM0MEjFkr;#gretathunberg
youthforclimate.alsace;B0lM0MEjFkr;#sommerkongress
youthforclimate.alsace;B0lIqcoDzeH;#schoolstrike4climate
youthforclimate.alsace;B0lIqcoDzeH;#Klima
youthforclimate.alsace;B0lIqcoDzeH;#climatejustice
youthforclimate.alsace;B0lIqcoDzeH;#climatechange
youthforclimate.alsace;B0lIqcoDzeH;#globalwarming
youthforclimate.alsace;B0lIqcoDzeH;#parisavtalet
youthforclimate.alsace;B0lIqcoDzeH;#giec
youthforclimate.alsace;B0lIqcoDzeH;#sustainable
youthforclimate.alsace;B0lIqcoDzeH;#riscaldamentoglobale
youthforclimate.alsace;B0lIqcoDzeH;#emergenzaclimatica
youthforclimate.alsace;B0lIqcoDzeH;#skolstrejk
youthforclimate.alsace;B0lIqcoDzeH;#gretathunberg
youthforclimate.alsace;B0lIqcoDzeH;#sommerkongress
youthforclimate.alsace;B0lH1snCDxC;#schoolstrike4climate
youthforclimate.alsace;B0lH1snCDxC;#Klima
youthforclimate.alsace;B0lH1snCDxC;#climatejustice
youthforclimate.alsace;B0lH1snCDxC;#climatechange
youthforclimate.alsace;B0lH1snCDxC;#globalwarming
youthforclimate.alsace;B0lH1snCDxC;#parisavtalet
youthforclimate.alsace;B0lH1snCDxC;#giec
youthforclimate.alsace;B0lH1snCDxC;#sustainable
youthforclimate.alsace;B0lH1snCDxC;#riscaldamentoglobale
youthforclimate.alsace;B0lH1snCDxC;#emergenzaclimatica
youthforclimate.alsace;B0lH1snCDxC;#skolstrejk
youthforclimate.alsace;B0lH1snCDxC;#gretathunberg
youthforclimate.alsace;B0lHbUSCnmo;#schoolstrike4climate
youthforclimate.alsace;B0lHbUSCnmo;#Klima
youthforclimate.alsace;B0lHbUSCnmo;#climatejustice
youthforclimate.alsace;B0lHbUSCnmo;#climatechange
youthforclimate.alsace;B0lHbUSCnmo;#globalwarming
youthforclimate.alsace;B0lHbUSCnmo;#parisavtalet
youthforclimate.alsace;B0lHbUSCnmo;#giec
youthforclimate.alsace;B0lHbUSCnmo;#sustainable
youthforclimate.alsace;B0lHbUSCnmo;#riscaldamentoglobale
youthforclimate.alsace;B0lHbUSCnmo;#emergenzaclimatica
youthforclimate.alsace;B0lHbUSCnmo;#skolstrejk
youthforclimate.alsace;B0lHbUSCnmo;#gretathunberg
chfrankcgn;B0k-QuKom9R;#wischlingen
chfrankcgn;B0k-QuKom9R;#fridaysforfuture
chfrankcgn;B0k-QuKom9R;#congress
chfrankcgn;B0k-QuKom9R;#extinctionrebellion
karincompost;B0jZS9eopBS;#sokofuture
karincompost;B0jZS9eopBS;#fridaysforfuture
karincompost;B0jZS9eopBS;#dortmund
karincompost;B0jZS9eopBS;#sommerkongress
karincompost;B0jZS9eopBS;#klimastreik
karincompost;B0jZS9eopBS;#calathea
karincompost;B0jZS9eopBS;#dilleundkamille
karincompost;B0jZS9eopBS;#sustainablefashion
karincompost;B0jZS9eopBS;#reuse
karincompost;B0jZS9eopBS;#plasticfreejuly
karincompost;B0jZS9eopBS;#actnow
karincompost;B0jZS9eopBS;#ecology
karincompost;B0jZS9eopBS;#extinctionrebellionenschede
karincompost;B0jZS9eopBS;#duurzaam053
karincompost;B0jZS9eopBS;#twente
fff.borken;B0iZ_JwHorj;#fridaysforfutureborken
fff.borken;B0iZ_JwHorj;#climatejustice
fff.borken;B0iZ_JwHorj;#sokofuture
parents4future_darmstadt;B0goINvBdGN;#fridaysforfuture
parents4future_darmstadt;B0goINvBdGN;#klimawandel
parents4future_darmstadt;B0goINvBdGN;#einfachmachen
parents4future_darmstadt;B0goINvBdGN;#kinder
parents4future_darmstadt;B0goINvBdGN;#fridaysforfuture
parents4future_darmstadt;B0goINvBdGN;#climateemergency
parents4future_darmstadt;B0goINvBdGN;#parentsforfuture
parents4future_darmstadt;B0goINvBdGN;#klimademo
parents4future_darmstadt;B0goINvBdGN;#actnow
parents4future_darmstadt;B0goINvBdGN;#zukunft
Not available;B0f3G0iCkoi;#hitzewelle
Not available;B0f3G0iCkoi;#klimawandel
Not available;B0f3G0iCkoi;#klimanotstand
Not available;B0fXTLViUGv;#fridaysforfuture
Not available;B0fXTLViUGv;#climatejustice
Not available;B0fXTLViUGv;#sokofuture
Not available;B0fVm-jiGQ3;#actnow
Not available;B0fVm-jiGQ3;#klimakrise
chrisschau;B0bLHPPoLnk;#SokoFuture
chrisschau;B0bLHPPoLnk;#Klimaschutz
chrisschau;B0bLHPPoLnk;#ParentsForFuture
chrisschau;B0bLHPPoLnk;#climatecrisis
chrisschau;B0bLHPPoLnk;#FFF
chrisschau;B0bLHPPoLnk;#Klimakatastrophe
chrisschau;B0bLHPPoLnk;#Klima
chrisschau;B0bLHPPoLnk;#ClimateActionNow
chrisschau;B0bLHPPoLnk;#ClimateAction
Not available;B0TqDCenFad;#fridaysforfuture
Not available;B0TqC4_livW;#fridaysforfuture
Not available;B0TpUKOhpsQ;-
Not available;B0TJfefoPns;#fridaysforfuturegeilenkirchen
Not available;B0TJfefoPns;#fffaachen
Not available;B0TJfefoPns;#scienceforfuture
Not available;B0TJfefoPns;#sommerkongress
Not available;B0TGdbyi4sS;-
Not available;B0TGWtniO9z;-
Not available;B0TFgCViB_s;-
Not available;B0S4HSyjXsL;#Sommerkongress
Not available;B0S4HSyjXsL;#litaf
Not available;B0S4HSyjXsL;#sommerloch
Not available;B0P3K6ciBpL;#FridaysForFuture
Not available;B0P3K6ciBpL;#climatejustice
Not available;B0P3K6ciBpL;#sokofuture
Not available;B0P3K6ciBpL;#fffkongress
Not available;B0P3K6ciBpL;#youthforclimate
Not available;B0Nfe2pIaYl;#fridaysforfuturegk
Not available;B0Nfe2pIaYl;#hopphopphoppkohlestopp
Not available;B0G6aaSn6EO;#sokofuture
Not available;B0G6aaSn6EO;#dortmund
Not available;B0DJJvaCl4e;#climatestrike
Not available;B0DJJvaCl4e;#hirschaid
Not available;B0DJJvaCl4e;#sokofuture
Not available;B0DJJvaCl4e;#gretathunberg
Not available;B0AZVK4gKMa;-
Not available;Bz_G4KdiqcY;#youthforclimate
Not available;Bz_G4KdiqcY;#climatestrike
Not available;Bz_G4KdiqcY;#climatechange
Not available;Bz_G4KdiqcY;#globalwarming
Not available;Bz_G4KdiqcY;#savetheearth
Not available;Bz_G4KdiqcY;#ecofriendly
Not available;Bz_G4KdiqcY;#future
Not available;Bz_G4KdiqcY;#holidays
Not available;Bz_G4KdiqcY;#protest
Not available;Bz_G4KdiqcY;#demo
Not available;Bz_G4KdiqcY;#noplanetb
Not available;Bz7sRx1iKwP;#weekforclimate
brass.riot;Bz2rBvrCkkd;#fridaysforfuture
Not available;Bz1TzVXi8yq;-
Not available;BzyLs2eFvTZ;#fridaysforfuture
Not available;BzwKlNZohUR;#Spenden
Not available;BzwKlNZohUR;#fridaysforfuture
Not available;BzvnXygHn71;#parentsforfuture
Not available;BzvnXygHn71;#spenden
Not available;BzvnXygHn71;#spende
Not available;BzvnXygHn71;#kongress
Not available;BzvnXygHn71;#aktivwerden
Not available;BzvnXygHn71;#verantwortung
Not available;BzvnXygHn71;#meinezukunft
Not available;BzvnXygHn71;#mitmachen
Not available;BzvnXygHn71;#geld
Not available;BzvPmNhiaml;-
Not available;Bzs9R2qifYh;#Spenden
Not available;Bzs9R2qifYh;#fridaysforfuture
Not available;BzsN7UjCIva;#fridaysforfuture
Not available;BzsN7UjCIva;#sokofuture
Not available;BzsN7UjCIva;#klimakrise
Not available;BzsJH3qIHng;#Spenden
Not available;BzsJH3qIHng;#fridaysforfuture
Not available;BzsBr3BHSxb;#FridaysForFuture
Not available;BzsBr3BHSxb;#fridayforfuture
Not available;Bzr2bzrgUkX;#Spenden
Not available;Bzr2bzrgUkX;#fridaysforfuture
Not available;BzqtmvFo0ck;#FFFgoesSommerferien
Not available;BzqtmvFo0ck;#klimakrise
Not available;BzqtmvFo0ck;#sokofuture
Not available;BzqUKONHdfT;#climatechangeisreal
Not available;BzjLCVsCUZX;#fridaysforfuture
Not available;BzdFYeZCUu1;#fridaysforfuture
Not available;BzdFYeZCUu1;#Klimakrise
Not available;Bzc0OBjiSVi;#fridaysforfuture
Not available;Bzc0OBjiSVi;#sommer
jwdmag;B1o2RGPogOW;#jwd
jwdmag;B1o2RGPogOW;#sokofuture
jwdmag;B1o2RGPogOW;#climatechange
Not available;B1jRy63IOQO;-
onkel_toms_huette;B1gyWEaCDXS;#communication
onkel_toms_huette;B1gyWEaCDXS;#architecture
onkel_toms_huette;B1gyWEaCDXS;#architects_need
onkel_toms_huette;B1gyWEaCDXS;#architekt
onkel_toms_huette;B1gyWEaCDXS;#fridayforfuture
onkel_toms_huette;B1gyWEaCDXS;#extinctionrebellion
onkel_toms_huette;B1gyWEaCDXS;#sustainability
onkel_toms_huette;B1gyWEaCDXS;#klimakrise
onkel_toms_huette;B1gyWEaCDXS;#climatecrisis
onkel_toms_huette;B1gyWEaCDXS;#climatejustice
onkel_toms_huette;B1gyWEaCDXS;#actnow
onkel_toms_huette;B1gyWEaCDXS;#hope
onkel_toms_huette;B1gyWEaCDXS;#anthropocene
stefanschneidt;B1eYEC3Cn4p;#fridaysforfuturedortmund
stefanschneidt;B1eYEC3Cn4p;#fridaysforfuture
stefanschneidt;B1eYEC3Cn4p;#sommerkongress
stefanschneidt;B1eYEC3Cn4p;#rwe
stefanschneidt;B1eYEC3Cn4p;#kohleausstieg
stefanschneidt;B1eYEC3Cn4p;#klimawandel
stefanschneidt;B1eYEC3Cn4p;#klimakrise
stefanschneidt;B1eYEC3Cn4p;#activism
stefanschneidt;B1eYEC3Cn4p;#fridaysforfuture
stefanschneidt;B1eYEC3Cn4p;#fridaysforfuturegermany
stefanschneidt;B1eYEC3Cn4p;#klimawandel
stefanschneidt;B1eYEC3Cn4p;#klimakrise
stefanschneidt;B1eYEC3Cn4p;#ourfoodourfuture
stefanschneidt;B1eYEC3Cn4p;#jokowinterscheidt
stefanschneidt;B1eYEC3Cn4p;#jokoundklaas
dad.is.sorry;B1eOnjSi_L9;#climate
dad.is.sorry;B1eOnjSi_L9;#fridaysforfuture
dad.is.sorry;B1eOnjSi_L9;#klima
dad.is.sorry;B1eOnjSi_L9;#parentsforfuture
dad.is.sorry;B1eOnjSi_L9;#workersforfuture
dad.is.sorry;B1eOnjSi_L9;#studentsforfuture
dad.is.sorry;B1eOnjSi_L9;#sommerferien
revogermany;B1bLe9yIzte;#FridaysforFuture
revogermany;B1bLe9yIzte;#Generalstreik
revogermany;B1bLe9yIzte;#youth4climate
revogermany;B1bLe9yIzte;#systemchange
revogermany;B1bLe9yIzte;#Umweltschutz
revogermany;B1bLe9yIzte;#antifa
revogermany;B1bLe9yIzte;#Kommunismus
clubdergruenenbaender;B1ZYhv-CPkl;#climatejustice
clubdergruenenbaender;B1ZYhv-CPkl;#lol
clubdergruenenbaender;B1ZYhv-CPkl;#oke
clubdergruenenbaender;B1ZYhv-CPkl;#sommerkongress
bluebirdela;B1YIHqLHaDO;#lifestyle
bluebirdela;B1YIHqLHaDO;#lowwastetravel
bluebirdela;B1YIHqLHaDO;#lowwastereise
bluebirdela;B1YIHqLHaDO;#zugstattflugzeug
bluebirdela;B1YIHqLHaDO;#flugscham
bluebirdela;B1YIHqLHaDO;#zerowastelife
bluebirdela;B1YIHqLHaDO;#lowimpact
bluebirdela;B1YIHqLHaDO;#zerowastegermany
bluebirdela;B1YIHqLHaDO;#saynotoplastic
bluebirdela;B1YIHqLHaDO;#plastikfreileben
bluebirdela;B1YIHqLHaDO;#zerowastesummer
bluebirdela;B1YIHqLHaDO;#weltretten
bluebirdela;B1YIHqLHaDO;#plastikfrei
bluebirdela;B1YIHqLHaDO;#lowwaste
clubdergruenenbaender;B1TxteoiDDy;#sommerkongress
clubdergruenenbaender;B1TxteoiDDy;#soko2019
clubdergruenenbaender;B1TxteoiDDy;#nice
clubdergruenenbaender;B1TxteoiDDy;#spitze
leonard_stephan_fff;B1RfNjHIbOG;-
stefanschneidt;B1OINLsIdiN;#zdf
stefanschneidt;B1OINLsIdiN;#sat1
stefanschneidt;B1OINLsIdiN;#sommerkongress
stefanschneidt;B1OINLsIdiN;#hambibleibt
stefanschneidt;B1OINLsIdiN;#endcoal
stefanschneidt;B1OINLsIdiN;#schoolstrike4climate
stefanschneidt;B1OINLsIdiN;#changethesystem
stefanschneidt;B1OINLsIdiN;#klimanotstand
stefanschneidt;B1OINLsIdiN;#vegandeutschland
stefanschneidt;B1OINLsIdiN;#humanrights
stefanschneidt;B1OINLsIdiN;#fridaysforfuturebielefeld
stefanschneidt;B1OINLsIdiN;#klimanotstand
stefanschneidt;B1OINLsIdiN;#klima
stefanschneidt;B1OINLsIdiN;#ourplanet
leonard_stephan_fff;B1OBP4roug7;-
clubdergruenenbaender;B1M4fY3CZn-;#sokofuture
clubdergruenenbaender;B1M4fY3CZn-;#schoolstrike4climate
leonard_stephan_fff;B1LuelxIe6G;-
fridaysforfuture.laternen;B1Jj7RwBfmR;-
leonard_stephan_fff;B1JROY5Ibud;-
fridaysforfuturefreising;B1GtjHqILEo;#fridaysforfuturefreising
fridaysforfuturefreising;B1GtjHqILEo;#SoKoFuture
leonard_stephan_fff;B1GV9evo-_y;-
leonard_stephan_fff;B1EBhoJIJ-Z;-
maliiigra;B1DZcgzCjdT;-
meinleben_plastikfrei;B1B9TOeiV4N;#scientistsforfuture
meinleben_plastikfrei;B1B9TOeiV4N;#fridaysforfuture
meinleben_plastikfrei;B1B9TOeiV4N;#Klimawandel
juliusobhues;B1BbEgIguOY;-
climatejustus;B0_lYk4lRT4;#SommerKongress
jakob.blasel;B0_iugqA5Su;#backoninsta
fridaysforfuture.lueneburg;B0_bylKDHdQ;#sokofuture
fridaysforfuture.lueneburg;B0_bylKDHdQ;#fff
fridaysforfuture.lueneburg;B0_bylKDHdQ;#climatestrike
fridaysforfuture.lueneburg;B0_bylKDHdQ;#climatejustice
leonard_stephan_fff;B0_GnXuIcWT;#marcuwekling
_veg.anna;B0-3Uq8p5nF;#ipccreport
_veg.anna;B0-3Uq8p5nF;#stopklimawandel
_veg.anna;B0-3Uq8p5nF;#rweabschalten
_veg.anna;B0-3Uq8p5nF;#fridaysforfuture
_veg.anna;B0-3Uq8p5nF;#hambibleibt
_veg.anna;B0-3Uq8p5nF;#planttrees
_veg.anna;B0-3Uq8p5nF;#sokofuture
_veg.anna;B0-3Uq8p5nF;#earthfirst
maliiigra;B0-xMgLoZUB;-
bluebirdela;B08pMvPnM3S;#fridaysforfuture
bluebirdela;B08pMvPnM3S;#lowwastetravel
bluebirdela;B08pMvPnM3S;#zerowastereise
bluebirdela;B08pMvPnM3S;#travel
bluebirdela;B08pMvPnM3S;#busstattflugzeug
bluebirdela;B08pMvPnM3S;#zerowastemovement
bluebirdela;B08pMvPnM3S;#umweltfreundlich
bluebirdela;B08pMvPnM3S;#lowimpactmovement
bluebirdela;B08pMvPnM3S;#zerowastegoals
bluebirdela;B08pMvPnM3S;#plastikfreileben
bluebirdela;B08pMvPnM3S;#zerowastesummer
bluebirdela;B08pMvPnM3S;#weltretten
bluebirdela;B08pMvPnM3S;#plastikfrei
bluebirdela;B08pMvPnM3S;#lowwaste
itsmegiadi;B079YT_JnU9;-
almalottecaroline;B061_GRIII9;#raisingthevoice
almalottecaroline;B061_GRIII9;#youthfortheclimate
almalottecaroline;B061_GRIII9;#fridaysforfuture
almalottecaroline;B061_GRIII9;#goyourway
almalottecaroline;B061_GRIII9;#riseup
almalottecaroline;B061_GRIII9;#tobeheard
almalottecaroline;B061_GRIII9;#yourownway
almalottecaroline;B061_GRIII9;#lightworkers
almalottecaroline;B061_GRIII9;#youngmusicians
almalottecaroline;B061_GRIII9;#youareheard
almalottecaroline;B061_GRIII9;#gretathunberg
almalottecaroline;B061_GRIII9;#jamming
fffpodcastde;B063WFGn2p9;#fridaysforfuture
fffpodcastde;B063WFGn2p9;#fffpodcast
fffpodcastde;B063WFGn2p9;#demo
theesprits;B06SAotKk_g;#festivalkult
c2c.ev;B06C7CQg-uH;#fridaysforfuture
c2c.ev;B06C7CQg-uH;#Dortmund
c2c.ev;B06C7CQg-uH;#CradletoCradle
c2c.ev;B06C7CQg-uH;#Blogbeitrag
c2c.ev;B06C7CQg-uH;#fff
c2c.ev;B06C7CQg-uH;#fffkongress
tina.sct;B04TlXDoI6u;-
antonrode4;B04JwXECq7j;-
antonrode4;B04JbSLiCnP;-
gruenejugendsh;B03jnpaAOPy;#fridaysforfuture
japhila;B03SVOSBYwr;#lauti
fridaysforfuture_heidelberg;B03DWvcFBl-;#earthstrike
fridaysforfuturebbg;B02_cddHGnP;#sokofuture
fridaysforfuturebbg;B02_cddHGnP;#gretathunberg
fridaysforfuturebbg;B02_cddHGnP;#climatechange
fridaysforfuturebbg;B02_cddHGnP;#dortmund
fridaysforfuturebbg;B026t46n2tC;#lausanne
fridaysforfuturebbg;B026t46n2tC;#allefuersklima
fridaysforfuturebbg;B026t46n2tC;#fridaysforfuture
fridaysforfuturebbg;B026t46n2tC;#climatestrike
larawlost;B02z4uMAIDx;#savetheplanet
larawlost;B02z4uMAIDx;#systemchange
larawlost;B02z4uMAIDx;#savetheanimals
larawlost;B02z4uMAIDx;#fridaysforfuture
larawlost;B02z4uMAIDx;#dortmund
fridaysforfuture_sha;B02z4NfC1PT;-
larawlost;B02y7Tcgb5N;#savetheplanet
larawlost;B02y7Tcgb5N;#savetheocean
larawlost;B02y7Tcgb5N;#sokofuture
fridaysforfuture.bielefeld;B02uNLElBv9;#sokofuture
fridaysforfuture.bielefeld;B02uNLElBv9;#Bielefeld
fridaysforfuture.bielefeld;B02uNLElBv9;#fossilfree
fridaysforfuture.bielefeld;B02uNLElBv9;#climatejusticenow
fridaysforfuture.bielefeld;B02uNLElBv9;#Deutschland
fridaysforfuture.bielefeld;B02uNLElBv9;#hambibleibt
fridaysforfuture.bielefeld;B02uNLElBv9;#youth4climate
fridaysforfuture.bielefeld;B02uNLElBv9;#climatejustice
fridaysforfuture.bielefeld;B02uNLElBv9;#climatejustice
fridaysforfuture.bielefeld;B02uNLElBv9;#changetheworld
fridaysforfuture.bielefeld;B02uNLElBv9;#Klimawandel
fridaysforfuture.bielefeld;B02uNLElBv9;#eu
fridaysforfuture.bielefeld;B02uNLElBv9;#wirsindcool
fridaysforfuture.bielefeld;B02uNLElBv9;#kundgebung
fridaysforfuture.bielefeld;B02uNLElBv9;#klimanotstand
unteilbar;B02izK0HltG;#Dresden
unteilbar;B02izK0HltG;#unteilbar
unteilbar;B02izK0HltG;#dd2408
unteilbar;B02izK0HltG;#sachsen
fridaysforfutureweilheim;B01_5FQIp7r;#fridaysforfuture
fridaysforfuture.winsen;B01fd5tCj6_;#spitze
fridaysforfuture_hh;B01fCSFInAi;#climatestrike
kaja_pet;B01IUVqindB;#fridaysforfuture
maltelwolf;B00wAA4I4Zn;-
maltelwolf;B00vTX0ot1n;-
fridaysforfuture.zweibrucken;B00tpBYhY8L;#sommerkongress
fridaysforfuture.zweibrucken;B00tpBYhY8L;#fridaysforfuture
almalottecaroline;B00jV07IAKz;#climatejustice
almalottecaroline;B00jV07IAKz;#fridaysforfuturemovement
almalottecaroline;B00jV07IAKz;#getupstandup
almalottecaroline;B00jV07IAKz;#sokofuture
almalottecaroline;B00jV07IAKz;#environmentalist
almalottecaroline;B00jV07IAKz;#wearetheworld
almalottecaroline;B00jV07IAKz;#highfrequency
almalottecaroline;B00jV07IAKz;#klimaschutz
almalottecaroline;B00jV07IAKz;#alternative
almalottecaroline;B00jV07IAKz;#peoplegotthepower
almalottecaroline;B00jV07IAKz;#awakening
fridaysforfuture.celle;B00hCSbIvXQ;#fridaysforfuturecelle
fridaysforfuture.celle;B00hCSbIvXQ;#fridaysforfuture
fridaysforfuture.celle;B00hCSbIvXQ;#actnow
fridaysforfuture.celle;B00hCSbIvXQ;#climatejustice
fridaysforfuture.celle;B00hCSbIvXQ;#climatejusticewithoutborders
tobias.act;B00WFJlI2Na;-
lin_nil_nea_;B00TLhwqdDD;#sokofuture
lin_nil_nea_;B00TLhwqdDD;#fridaysforfuture
blurrylucy;B00NGJQHgkC;-
fridaysforfuture.bubenreuth;B00G1dcCd3Z;#sokofuture
fridaysforfuture.bubenreuth;B00G1dcCd3Z;#fridaysforfuture
sarahmaria.berlin;B00A3odhdJx;#sokofuture
sarahmaria.berlin;B0z_lmpBXCC;#fridaysforfuture
wushupanda16;B0z_ebFoUvY;#fridaysforfuture
youthforclimate.alsace;B0zWFrknGca;#schoolstrike4climate
youthforclimate.alsace;B0zWFrknGca;#Klima
youthforclimate.alsace;B0zWFrknGca;#climatejustice
youthforclimate.alsace;B0zWFrknGca;#climatechange
youthforclimate.alsace;B0zWFrknGca;#globalwarming
youthforclimate.alsace;B0zWFrknGca;#parisavtalet
youthforclimate.alsace;B0zWFrknGca;#giec
youthforclimate.alsace;B0zWFrknGca;#sustainable
youthforclimate.alsace;B0zWFrknGca;#riscaldamentoglobale
youthforclimate.alsace;B0zWFrknGca;#emergenzaclimatica
youthforclimate.alsace;B0zWFrknGca;#skolstrejk
youthforclimate.alsace;B0zWFrknGca;#gretathunberg
youthforclimate.alsace;B0zWFrknGca;#sommerkongress
youthforclimate.alsace;B0zTcIxHfMR;#schoolstrike4climate
youthforclimate.alsace;B0zTcIxHfMR;#Klima
youthforclimate.alsace;B0zTcIxHfMR;#climatejustice
youthforclimate.alsace;B0zTcIxHfMR;#climatechange
youthforclimate.alsace;B0zTcIxHfMR;#globalwarming
youthforclimate.alsace;B0zTcIxHfMR;#parisavtalet
youthforclimate.alsace;B0zTcIxHfMR;#giec
youthforclimate.alsace;B0zTcIxHfMR;#sustainable
youthforclimate.alsace;B0zTcIxHfMR;#riscaldamentoglobale
youthforclimate.alsace;B0zTcIxHfMR;#emergenzaclimatica
youthforclimate.alsace;B0zTcIxHfMR;#skolstrejk
youthforclimate.alsace;B0zTcIxHfMR;#gretathunberg
youthforclimate.alsace;B0zTcIxHfMR;#sommerkongress
veganstrong666;B0zMzHgJG2U;#spitze
veganstrong666;B0zMzHgJG2U;#sommerkongress
youthforclimate.alsace;B0zLIHPDrAR;#schoolstrike4climate
youthforclimate.alsace;B0zLIHPDrAR;#Klima
youthforclimate.alsace;B0zLIHPDrAR;#climatejustice
youthforclimate.alsace;B0zLIHPDrAR;#climatechange
youthforclimate.alsace;B0zLIHPDrAR;#globalwarming
youthforclimate.alsace;B0zLIHPDrAR;#parisavtalet
youthforclimate.alsace;B0zLIHPDrAR;#giec
youthforclimate.alsace;B0zLIHPDrAR;#sustainable
youthforclimate.alsace;B0zLIHPDrAR;#riscaldamentoglobale
youthforclimate.alsace;B0zLIHPDrAR;#emergenzaclimatica
youthforclimate.alsace;B0zLIHPDrAR;#skolstrejk
youthforclimate.alsace;B0zLIHPDrAR;#gretathunberg
youthforclimate.alsace;B0zLIHPDrAR;#sommerkongress
youthforclimate.alsace;B0zId_-HVyG;#schoolstrike4climate
youthforclimate.alsace;B0zId_-HVyG;#Klima
youthforclimate.alsace;B0zId_-HVyG;#climatejustice
youthforclimate.alsace;B0zId_-HVyG;#climatechange
youthforclimate.alsace;B0zId_-HVyG;#globalwarming
youthforclimate.alsace;B0zId_-HVyG;#parisavtalet
youthforclimate.alsace;B0zId_-HVyG;#giec
youthforclimate.alsace;B0zId_-HVyG;#sustainable
youthforclimate.alsace;B0zId_-HVyG;#riscaldamentoglobale
youthforclimate.alsace;B0zId_-HVyG;#emergenzaclimatica
youthforclimate.alsace;B0zId_-HVyG;#skolstrejk
youthforclimate.alsace;B0zId_-HVyG;#gretathunberg
youthforclimate.alsace;B0zId_-HVyG;#sommerkongress
youthforclimate.alsace;B0zGc8InyxF;#schoolstrike4climate
youthforclimate.alsace;B0zGc8InyxF;#Klima
youthforclimate.alsace;B0zGc8InyxF;#climatejustice
youthforclimate.alsace;B0zGc8InyxF;#climatechange
youthforclimate.alsace;B0zGc8InyxF;#globalwarming
youthforclimate.alsace;B0zGc8InyxF;#parisavtalet
youthforclimate.alsace;B0zGc8InyxF;#giec
youthforclimate.alsace;B0zGc8InyxF;#sustainable
youthforclimate.alsace;B0zGc8InyxF;#riscaldamentoglobale
youthforclimate.alsace;B0zGc8InyxF;#emergenzaclimatica
youthforclimate.alsace;B0zGc8InyxF;#skolstrejk
youthforclimate.alsace;B0zGc8InyxF;#gretathunberg
youthforclimate.alsace;B0zGc8InyxF;#sommerkongress
x._just.lena_.x;B0zDH0aCYmw;#fridaysforfuture
youthforclimate.alsace;B0zDFitnZu8;#schoolstrike4climate
youthforclimate.alsace;B0zDFitnZu8;#Klima
youthforclimate.alsace;B0zDFitnZu8;#climatejustice
youthforclimate.alsace;B0zDFitnZu8;#climatechange
youthforclimate.alsace;B0zDFitnZu8;#globalwarming
youthforclimate.alsace;B0zDFitnZu8;#parisavtalet
youthforclimate.alsace;B0zDFitnZu8;#giec
youthforclimate.alsace;B0zDFitnZu8;#sustainable
youthforclimate.alsace;B0zDFitnZu8;#riscaldamentoglobale
youthforclimate.alsace;B0zDFitnZu8;#emergenzaclimatica
youthforclimate.alsace;B0zDFitnZu8;#skolstrejk
youthforclimate.alsace;B0zDFitnZu8;#gretathunberg
youthforclimate.alsace;B0zDFitnZu8;#sommerkongress
youthforclimate.alsace;B0zCb2uDqmr;#schoolstrike4climate
youthforclimate.alsace;B0zCb2uDqmr;#Klima
youthforclimate.alsace;B0zCb2uDqmr;#climatejustice
youthforclimate.alsace;B0zCb2uDqmr;#climatechange
youthforclimate.alsace;B0zCb2uDqmr;#globalwarming
youthforclimate.alsace;B0zCb2uDqmr;#parisavtalet
youthforclimate.alsace;B0zCb2uDqmr;#giec
youthforclimate.alsace;B0zCb2uDqmr;#sustainable
youthforclimate.alsace;B0zCb2uDqmr;#riscaldamentoglobale
youthforclimate.alsace;B0zCb2uDqmr;#emergenzaclimatica
youthforclimate.alsace;B0zCb2uDqmr;#skolstrejk
youthforclimate.alsace;B0zCb2uDqmr;#gretathunberg
youthforclimate.alsace;B0zCb2uDqmr;#sommerkongress
leonard_stephan_fff;B0zBdDkqaUa;-
lin_nil_nea_;B0yi_bwqgIq;-
