username;shortcode;commentCount;commentCountWithAnswers;comment_id;text;created_at;ownerId;ownerUsername
"fridaysforfuture.berlin";"ByNbq0-Cu65";6;6;17904905056311206;"Awesome post! Shoot me a message and hopefully we can collaborate!!";1559483998;13296374383;"hotplanetclothing.co"
"fridaysforfuture.berlin";"ByNbq0-Cu65";6;6;18070437343060781;"fuckğŸ™ˆğŸ™ˆğŸ™ˆğŸ¤¬ğŸ¤¬ğŸ¤¬";1559484074;1671445212;"teresa.piejek"
"fridaysforfuture.berlin";"ByNbq0-Cu65";6;6;17881960345361996;"@mx_plant";1559484721;1607443962;"sophieshmn"
"fridaysforfuture.berlin";"ByNbq0-Cu65";6;6;18063268585075100;"Es muss endlich was getan werden! Die Politiker sollen nicht  nur quatschen sondern auch was machen! Wir haben keinen Reserveplanet!";1559484637;4123746017;"x.animetypi.x"
"fridaysforfuture.berlin";"ByNbq0-Cu65";6;6;18045202255087129;"@mirixeni";1559503423;1392160450;"fabeey_"
"fridaysforfuture.berlin";"ByNbq0-Cu65";6;6;17870074792380158;"Bleibt dran ich finde es megageil was ihr machtğŸ’ªğŸ¤˜ğŸ¤™ğŸ‘";1559487070;3136704951;"martinscheunemann"
"fridaysforfuture.berlin";"ByBGPlICM1O";16;31;17862970036399579;"Wann ist der nÃ¤chste groÃŸe Demozug?";1559071168;5885412380;"ole_fxhz"
"fridaysforfuture.berlin";"ByBGPlICM1O";16;31;17898268999318804;"Wann ist der nÃ¤chste groÃŸe Demozug?";1559071154;5885412380;"ole_fxhz"
"fridaysforfuture.berlin";"ByBGPlICM1O";16;31;17853866269433976;"Bin dabei @y.x.s.m.x.n ğŸŒ±ğŸ’š";1559073812;6296829249;"gundolf_bln"
"fridaysforfuture.berlin";"ByBGPlICM1O";16;31;18051879277115868;"Da es seit 20 Jahren keine globale ErderwÃ¤rmung, sondern sogar eine abkÃ¼hlung gegeben hat, sind wir noch weit entfernt von den 1,5 Grad oder ist 1,5 Grad AbkÃ¼hlung gemeint? Mal die ganze Klimahysterie ausser Acht gelassen......wie sieht es mit dem Umweltschutz und dem Artenschutz aus? Was ist angedacht, der Rodung der TropenwÃ¤lder fÃ¼r den Sojaanbau, der zerstÃ¶rung der BÃ¶den durch chemische DÃ¼ngemittel, der Massentierhaltung, der gesundheitlichen Belastung der Menschen durch WindrÃ¤der, der Ãœberfischung der Meere, der PlastikvermÃ¼llung, dem Ressourcenverbrauch in Afrika, der weltweiten Armut, der Ausbeutung von Entwicklungs-und SchwellenlÃ¤ndern, dem FlÃ¼chtlingszuwachs durch weltweite Kriegshandlungen,, der Monokulturlandwirtschaft, der Luftverschmutzung durch Industrie, Flugverkehr, Autoverkehr, Kreuzfahrtschiffen usw.,, zu lÃ¶sen?";1559073271;8376006380;"martin_kugler72"
"fridaysforfuture.berlin";"ByBGPlICM1O";16;31;17893297606333521;"Bin am Freitag wieder mit dabei. ğŸ’šğŸ’šğŸŒğŸ‘";1559075674;11079025982;"tamago._dani"
"fridaysforfuture.berlin";"ByBGPlICM1O";16;31;18052988533103841;"@mariachenlili";1559073418;1615304471;"e.l_li"
"fridaysforfuture.berlin";"ByBGPlICM1O";16;31;17874657253373811;"die sollten echt langsam sterben";1559080525;8165631758;"ka_neun"
"fridaysforfuture.berlin";"ByBGPlICM1O";16;31;18042781813184031;"warmest years on record: 2016, 2015, 2017, 2018, 2014, 2010, 2013, 2005, 2009, and 1998.";1559080660;1611279534;"jcalirani"
"fridaysforfuture.berlin";"ByBGPlICM1O";16;31;17877421621366636;"Ja, man kann alles schlecht reden. Es gibt ja keine idealen ZustÃ¤nde, keine perfekten Menschen und schon gar keine perfekten Jugendlichen. Und wer hat ihnen denn vorgelebt, dass MÃ¼ll wegwerfen in Ordung ist? Dass Konsum das hÃ¶chste Lebensziel ist??? Die jungen Menschen die gerade erst dabei sind, erwachsen zu werden zeigen zum Teil schon mehr Reife, als die Ã¤lteren Generationen. Weil so nach vorn â¡ï¸blicken. Ja es wird drastische und sehr unbequeme VerÃ¤nderungen geben - mÃ¼ssen.  So oder so. Egal ob Kinder streiken oder nicht. Macht die Augen auf oder trÃ¤umt weiter!";1559127655;8144172196;"beinglikebumblebee"
"fridaysforfuture.berlin";"ByBGPlICM1O";16;31;18070242115011695;"eine klimawahl****";1559079525;5881239324;"luzie.ilui"
"fridaysforfuture.berlin";"ByBGPlICM1O";16;31;17881995259359640;"BÃ¤h wieso wollen soviele ErstwÃ¤hler denn die fdp?";1559125233;10032175237;"sophiehauser00"
"fridaysforfuture.berlin";"ByBGPlICM1O";16;31;18071141209043642;"WÃ¤re cool wenn da die #Ã–DP mit auftauchen wÃ¼rde, sind die einzigen die wachstumskritisch, sozial-Ã¶kologisch sind! :)";1559168798;5390760584;"vanieldichel"
"fridaysforfuture.berlin";"ByBGPlICM1O";16;31;18053591587129333;"nichts gegen fff, aber lern mal schreiben";1559429787;1602976793;"_sheeshkabob_"
"fridaysforfuture.berlin";"ByBGPlICM1O";16;31;17851971658442797;"Du Ã¤r bÃ¤st  fÃ¶r att din bild Ã¤r alltid i min  instagram omslag helt enkelt !";1559242004;8545092543;"payaandar"
"fridaysforfuture.berlin";"ByBGPlICM1O";16;31;17893192948329275;"ğŸ”¥";1559140849;13587819828;"antipollutionclub"
"fridaysforfuture.berlin";"ByBGPlICM1O";16;31;18038013601146749;"das passt sonst irgendwie nicht";1559429803;1602976793;"_sheeshkabob_"
"fridaysforfuture.berlin";"Bx7qJbGn99a";22;25;17877533575367876;"Ist ja im wahrsten Sinne des Wortes der Shiiiiit! Sehr geil!";1558889076;5944884915;"tomheidekorn"
"fridaysforfuture.berlin";"Bx7qJbGn99a";22;25;17884936972352539;"Bummel ğŸ™Œâ¤ï¸";1558889441;234569230;"annikwalter"
"fridaysforfuture.berlin";"Bx7qJbGn99a";22;25;17903388604307967;"Neues Klopapier @christin.ha ?â˜ºï¸";1558890794;2025845853;"deetanzt"
"fridaysforfuture.berlin";"Bx7qJbGn99a";22;25;18041002360189582;"ğŸ’©ğŸ’©ğŸ’© Let's talk ğŸ’©ğŸ’©ğŸ’©";1558889514;1540461726;"goldeimer"
"fridaysforfuture.berlin";"Bx7qJbGn99a";22;25;18036083662159650;"Wie wird man einer der ausgewÃ¤hlten Partner. Das wÃ¤re sooo geil fÃ¼r die Schule und so";1558892940;12595928061;"sonnyschallenge"
"fridaysforfuture.berlin";"Bx7qJbGn99a";22;25;17866545454382756;"Mengenrabatte fÃ¼r AFD WÃ¤hler?";1558891669;662422163;"elainamarleen"
"fridaysforfuture.berlin";"Bx7qJbGn99a";22;25;17876176258371369;"@chailatte_roche â¤ï¸ next big thing â¤ï¸";1558890334;5928243582;"philipeinhorn"
"fridaysforfuture.berlin";"Bx7qJbGn99a";22;25;17992120873237818;"Alter Ihr seid einfach so geil.";1558899977;1648320764;"amourette57"
"fridaysforfuture.berlin";"Bx7qJbGn99a";22;25;18050494609119714;"Soo geile Idee!!! Feier ichğŸ‘";1558898469;9991935160;"yola_lutaise"
"fridaysforfuture.berlin";"Bx7qJbGn99a";22;25;17992001116238503;"Haha das war so witzig ğŸ¥";1558912513;267730918;"chris_schmitz_3"
"fridaysforfuture.berlin";"Bx7qJbGn99a";22;25;18037549492176472;"Was fÃ¼r eine coole Idee! Viel Erfolg bei der Umsetzung und liebe GrÃ¼ÃŸe aus Freiburg! ğŸ˜Š";1558952872;1974112599;"jorindeundjoringelundsoweiter"
"fridaysforfuture.berlin";"Bx7qJbGn99a";22;25;17860930642410226;"Richtig tolle Idee!";1558959898;5718091129;"laura.schll"
"fridaysforfuture.berlin";"Bx7qJbGn99a";22;25;18060925492075777;"â¤ï¸";1558908541;8691177323;"fridaysforfuture.de"
"fridaysforfuture.berlin";"Bx7qJbGn99a";22;25;17862545497401552;"Ouh, nicer ScheiÃŸ ğŸ˜ƒğŸŒğŸ’©";1558974970;241546095;"christin.ha"
"fridaysforfuture.berlin";"Bx7qJbGn99a";22;25;18072354883024300;"Ab in den DM mit der Produktidee!";1558962479;1974112599;"jorindeundjoringelundsoweiter"
"fridaysforfuture.berlin";"Bx7qJbGn99a";22;25;18070359271018579;"Das ist leider die erste Aktion von FFF die ich Ã¼berhaupt nicht gut finde, Schade... Ich fÃ¼rchte damit wird die Bewegung nie ernst genommen und das war schlieÃŸlich immer das Ziel! Die StÃ¤rke von FFF lag auÃŸerdem immer in der Masse und mittlerweile sind schon sehr viele Ã¤ltere Menschen dabei #grandparentsforfuture #parentsforfuture Der Beitrag ist meiner Meinung nach aber sehr abwertend formuliert, besonders fÃ¼r 'die Alten'. Im ersten Moment ist die Aktion ja echt witzig, aber ich glaube nicht besonders gut durchdacht, da kann man es ja niemanden verÃ¼beln wenn er sagt FFF wÃ¤re eine "dumme Jugendbewegung", mit dieser Aktion wird sie das nÃ¤mlich wirklich!";1558984591;4312916178;"janni.02"
"fridaysforfuture.berlin";"Bx7qJbGn99a";22;25;17899635130321831;"ğŸ‘";1558942695;13958537791;"schoolsforfuture.de"
"fridaysforfuture.berlin";"Bx7qJbGn99a";22;25;17987734723244417;"@laura_natascha @gurkmichnich das sollten wir uns dann wohl kaufen, sobald es dad gibt! ğŸ˜„";1559032810;190818545;"tina.apfelbacher"
"fridaysforfuture.berlin";"Bx7qJbGn99a";22;25;18036276424153409;"ğŸ’šğŸ’šğŸ’šâ¤ï¸";1559056070;13299622642;"fabienne_mia_cisv_future"
"fridaysforfuture.berlin";"Bx7qJbGn99a";22;25;17877940696367446;"Macht mit!";1559040435;14011108875;"haus_der_naturpflege"
"fridaysforfuture.berlin";"Bx7qJbGn99a";22;25;18069596323035323;"Voll die gute Idee â™¥ï¸ğŸ˜‚";1558983877;10591478826;"mrs.a_2024"
"fridaysforfuture.berlin";"Bx7qJbGn99a";22;25;17846743357458147;"sehr geil ğŸ’¥";1559302372;8476573631;"hatfieldserena"
"fridaysforfuture.berlin";"Bx5XU17HvEt";17;20;18042217474094520;"!!!â¤ï¸";1558810795;366112946;"melinaspahn"
"fridaysforfuture.berlin";"Bx5XU17HvEt";17;20;17993727817228893;"Also das beste fehlt ğŸ˜¢";1558811494;8087302095;"it.s.sunshine"
"fridaysforfuture.berlin";"Bx5XU17HvEt";17;20;18027700336168995;"ğŸ¤” years ago was a batter piace";1558811761;11336119099;"italianpigs"
"fridaysforfuture.berlin";"Bx5XU17HvEt";17;20;18052485559119327;"Auf meinem Schild stand "Staying in silence is the same as dying"";1558812519;9012020963;"back.fee_"
"fridaysforfuture.berlin";"Bx5XU17HvEt";17;20;17863192468402011;"â¤ï¸ğŸŒğŸŒğŸŒ #savetheplanet";1558812673;8908094494;"nedina345678"
"fridaysforfuture.berlin";"Bx5XU17HvEt";17;20;18073002193002037;"@luisaxrosa";1558813130;4444851436;"youhavealreadychanged"
"fridaysforfuture.berlin";"Bx5XU17HvEt";17;20;18059472811077217;"Das war gestern in Berlin der absolute Wahnsinn. Meine Tochter ist im April 16 Jahre alt geworden und darf somit morgen das erste Mal wÃ¤hlen. Wir haben es in der Hand und werden die EUWahl zur Klimawahl machen. Wir werden uns richtig entscheiden und somit, hoffen wir doch - einen politischen Umbruch im Sinne unseres Planeten und unserer Zukunft herbeifÃ¼hren. Wahnsinn, allein in Deutschland Ã¼ber 320.000 Menschen, die auf die StraÃŸe gegangen sind und somit ihren Unmut und Protest zum Ausdruck gebracht haben. Danke dafÃ¼r. ğŸ‘ğŸ‘ğŸ‘ğŸ‘ğŸŒğŸŒğŸŒğŸŒğŸ‘ğŸ‘ğŸ‘ğŸ‘ğŸ’šğŸ’šğŸ’šğŸ’šğŸ’šğŸ’š";1558819626;11079025982;"tamago._dani"
"fridaysforfuture.berlin";"Bx5XU17HvEt";17;20;18068251525028337;"HAHAHAHAHAHAHA LEONARDO DI CAPRIO ONE";1558822140;13371368131;"patoteeeee"
"fridaysforfuture.berlin";"Bx5XU17HvEt";17;20;17847949534445456;"Super Sache, super Statements ğŸ“¸ğŸ’¥ğŸ‘";1558825334;3551181352;"deutscher_jugendfotopreis"
"fridaysforfuture.berlin";"Bx5XU17HvEt";17;20;18005449870204207;"ğŸ‘ğŸ‘ğŸ‘";1558826042;13066810189;"earthwoke"
"fridaysforfuture.berlin";"Bx5XU17HvEt";17;20;17958718195279468;"LUIIISAAAA @luisaxrosa";1558831302;1510811966;"sylvietullochgray"
"fridaysforfuture.berlin";"Bx5XU17HvEt";17;20;17902593643312099;"Ich erkenne die groÃŸartigen Plakate wiederğŸ˜ğŸ‘Œ";1558880147;3648377974;"timi3u"
"fridaysforfuture.berlin";"Bx5XU17HvEt";17;20;18069403561002634;""Federt eure Verwandten", juhu  Das soll bestimmt "Fordert" heiÃŸen";1558897251;4923281725;"voegelchen.17"
"fridaysforfuture.berlin";"Bx5XU17HvEt";17;20;18065497960070733;"ğŸ‘";1558942663;13958537791;"schoolsforfuture.de"
"fridaysforfuture.berlin";"Bx5XU17HvEt";17;20;17949554302281260;"I was there ğŸ™Œ";1558868481;9197209796;"andrea.licata75"
"fridaysforfuture.berlin";"Bx5XU17HvEt";17;20;18035017990155510;"<3";1559042496;14011108875;"haus_der_naturpflege"
"fridaysforfuture.berlin";"Bx5XU17HvEt";17;20;17987458084243833;"ğŸ‘ğŸ»";1558812582;12720021;"kayaige"
"fridaysforfuture.berlin";"Bx2KH19Cqyh";15;75;18024111226195378;"WHAT DO WE WANT?";1558706879;5990769918;"j.elly.bean_55_"
"fridaysforfuture.berlin";"Bx2KH19Cqyh";15;75;18069358930019583;"Die Zukunft kann nur geklaut werden weil Deutschland bis 2099 immer noch besetztes Land ist Ausrufezeichen Obama hat dies Ã¶ffentlich 2008 ganz klar gesprochen Punkt um aus dieser Misere rauszukommen sind endlich FriedensvertrÃ¤ge gÃ¼ltige internationale FriedensvertrÃ¤ge notwendig. Diese fehlen seit dem ersten Weltkrieg! Das was hier in Deutschland erlebt wird ist ein Krieg gegen die BevÃ¶lkerung. Die Entnazifizierung wurde nie beendet Ã¼ber 80 nazigesetze Hitler Gesetze werden weiter gegen die eigene BevÃ¶lkerung angewendet! MilitÃ¤risches Geoengineering in angewandter Form wirkt momentan brutal auf die Wettermaschine ein zuzÃ¼glich zum zivilen Luftverkehr Punkt die Grund und Bodenrechte mÃ¼ssen in Deutschland zurÃ¼ckgeholt werden ansonsten wird weiter vordiktiert durch die Verwaltung welche US-amerikanische gesteuert ist oder hat jemals irgendwo ein Politiker etwas von gÃ¼ltigen FriedensvertrÃ¤gen gesagt von herzintelligenz oder Bewusstsein? Nein die Kinder werden hier vor einen politischen Karren gespannt das ist hoch gefÃ¤hrlich weil sie in Unkenntnis sind";1558703232;5328694571;"philipp_goelitz"
"fridaysforfuture.berlin";"Bx2KH19Cqyh";15;75;17847138607453011;"War dabeiiiğŸ‘";1558714578;4309731336;"mati_leela"
"fridaysforfuture.berlin";"Bx2KH19Cqyh";15;75;18031573798161352;"ğŸ’ªğŸ’ªğŸ’ª war super heute, wir machen weiter LÃ¤rm! ğŸŒµğŸŒ´";1558706582;2977681422;"schlngl"
"fridaysforfuture.berlin";"Bx2KH19Cqyh";15;75;18068544472050832;"ğŸ’ª";1558717226;13718994710;"tierra.eco.studio"
"fridaysforfuture.berlin";"Bx2KH19Cqyh";15;75;17854892338426662;"Wie viele waren wir denn heute in Berlin?";1558724852;1533855182;"aritionell"
"fridaysforfuture.berlin";"Bx2KH19Cqyh";15;75;18040710979136153;"Wie viele wahren wir?";1558705726;8087302095;"it.s.sunshine"
"fridaysforfuture.berlin";"Bx2KH19Cqyh";15;75;17844549538459684;"heheh. meine Hand ^^";1558717703;3098776428;"maximilionelion"
"fridaysforfuture.berlin";"Bx2KH19Cqyh";15;75;17889054046339390;"Toll, dass so viele da waren ğŸ’šğŸŒ";1558726635;11866545113;"trynature_"
"fridaysforfuture.berlin";"Bx2KH19Cqyh";15;75;17891842186327119;"Hi. Kann mir jemand sagen wie der SÃ¤nger aus Kapstadt (Cape town), der heute dabei war, heiÃŸt?";1558729162;2065096099;"spelunken.jenny"
"fridaysforfuture.berlin";"Bx2KH19Cqyh";15;75;18046877752124982;"Perfekt wir steigen bis 2024 aus der Kernkraft aus. Dann steigen wir noch bis 2030 aus der Kohlekraft aus und zÃ¼nden dann abends Kerzen an, weil wir keinen Strom haben, wenn kein wind weht und keine Sonne scheint. WÃ¤hrenddessen werden in unserem Nachbarland Polen gerade neue Kohlekraftwerke gebaut, wo wir dann den Strom teuer einkaufen. China hat einen weltweiten CO2-ausstoss von Ã¼ber 10 Billionen Tonnen jÃ¤hrlich, etwa 15 mal soviel wie Deutschland, aber das interessiert unsere fridaysforfuture-Bewegung Ã¼berhaupt nicht. Dass viele Produkte, die unsere Jugend und wir besitzen, in China produziert werden, interessiert auch niemanden. So retten wir dann die Welt oder beruhigen unserer schlechtes Gewissen, indem wir "Ablass" leisten.";1558730298;8376006380;"martin_kugler72"
"fridaysforfuture.berlin";"Bx2KH19Cqyh";15;75;18032050000167938;"WeiÃŸ jmd wieviele es gestern in Berlin waren?";1558797191;10332288073;"pingutumbles"
"fridaysforfuture.berlin";"Bx2KH19Cqyh";15;75;17878157932364795;"Solange es bei fridaysforfuture-Streiks Bananen fÃ¼r die Streikenden gibt, anstatt dass heimisches Obst verteilt wird, wurde der Sinn der Aktion noch nicht richtig verstanden.";1558796740;8376006380;"martin_kugler72"
"fridaysforfuture.berlin";"Bx2KH19Cqyh";15;75;18041945932087920;"Wie viele waren da?";1558714555;4309731336;"mati_leela"
"fridaysforfuture.berlin";"Bx2KH19Cqyh";15;75;17897044033326356;"ğŸ™Œ";1558942711;13958537791;"schoolsforfuture.de"
"fridaysforfuture.berlin";"Bx0SLP_DpAu";6;8;17855617822422665;"@lnnd_25 und ich sind dabeiğŸ‘ğŸ»â˜º";1558641699;7521367774;"creative_ravenclawgirl"
"fridaysforfuture.berlin";"Bx0SLP_DpAu";6;8;17958248392273156;"@nele_ltzk  @notorious.muhsin";1558640301;1509016691;"030.alicia"
"fridaysforfuture.berlin";"Bx0SLP_DpAu";6;8;17948552233281394;"Bin dabei! Passend dazu mein neuer Blogeintrag: Ãœbers Weltretten http://skysharks.net/uebers-weltretten";1558642966;13149344271;"skysharks97"
"fridaysforfuture.berlin";"Bx0SLP_DpAu";6;8;17902281991313418;"Invalidenpark wa?";1558682377;6908011840;"some.random.shit.drawing.guy"
"fridaysforfuture.berlin";"Bx0SLP_DpAu";6;8;17901934237313548;"Thank you from ğŸŒ, let's act together for a green Europe ğŸ‡ªğŸ‡º ğŸ’šğŸ";1558644940;9235708005;"green_eurognome"
"fridaysforfuture.berlin";"Bx0SLP_DpAu";6;8;18063813322064170;"Es ist der 24.05.2019 und immer noch so kalt draussen am Tage......bei Euch in Berlin auch?";1558702058;8376006380;"martin_kugler72"
"fridaysforfuture.berlin";"BxzMaM2iMU1";5;10;18005327308201860;"Der Mensch ist aber nicht am Klimawandel schuld, da zÃ¤hlen noch viele andere wichtige Fakten dazu...";1558615849;11777544452;"palominoyt"
"fridaysforfuture.berlin";"BxzMaM2iMU1";5;10;17847179461445793;"@_vhcksl_ @dome_wirth_16 @wyd.marie wollt ihr hin?";1558628827;4123746017;"x.animetypi.x"
"fridaysforfuture.berlin";"BxzMaM2iMU1";5;10;18031768840163209;"ğŸ”¥ğŸ”¥ğŸ”¥";1558652894;3283250947;"dominik.cramer"
"fridaysforfuture.berlin";"BxzMaM2iMU1";5;10;18032140786167986;"KÃ¶nnt ihr vielleicht die Route fÃ¼r morgen posten?";1558636856;7997161515;"_littlegreenthings"
"fridaysforfuture.berlin";"BxzMaM2iMU1";5;10;18043340002087050;"Ist nÃ¤chste Woche wieder Fff in Berlin ?";1558942934;11337707887;"fff_rastede"
"fridaysforfuture.berlin";"BxxLAFciJ2Y";6;12;18068722945032412;"Ist das wieder mit laufen?";1558536235;3570978653;"lena._.ka"
"fridaysforfuture.berlin";"BxxLAFciJ2Y";6;12;17990901418237508;"Positioniert euch zu der Sache mit @chefket. Ã„ussert euch dazu. Ihr kÃ¶nnt das nicht unkommentiert lassen.";1558548099;1413608270;"_mariamadonna_"
"fridaysforfuture.berlin";"BxxLAFciJ2Y";6;12;18051079117099500;"voll blÃ¶d das ich eine PrÃ¤si und Arbeit schreiben muss, wenn ich komme kriege ich nh 6 jeweils.(nicht weil sie es mir nicht erlauben sondern weil wir die letzten Arbeiten irgendwie noch schreiben mÃ¼ssen) Oaf.";1558552035;2290850174;"hernameissila"
"fridaysforfuture.berlin";"BxxLAFciJ2Y";6;12;17999626780222323;"@vk_girl_ bist du da?";1558560272;4781213926;"selma.cqt"
"fridaysforfuture.berlin";"BxxLAFciJ2Y";6;12;18050930752106631;"KÃ¶nntet ihr nicht nochmal wegen der Cheket Sache ein Statement abgeben welche ethischen Werte genau gemeint sind?";1558555781;6149755735;"paul_hendrich"
"fridaysforfuture.berlin";"BxxLAFciJ2Y";6;12;17867031325385560;"Wir sollten uns mit den Wissenschaftlern treffen bzw. Die Vorsitzenden fÃ¼r diese Streiks sollten sich mit den Wissenschaftlern,die in Rezos Video gezeigt worden sind,treffen.Gemeinsam kÃ¶nnten wir etwas Ã¤ndern. #rezo #niemehrcdu";1558601043;8908094494;"nedina345678"
"fridaysforfuture.berlin";"Bxubzqyn2Va";4;5;18067779061011009;"Und unsere Deutschlehrerin setzt eine fcking Drama-LEK an...";1558444122;5885412380;"ole_fxhz"
"fridaysforfuture.berlin";"Bxubzqyn2Va";4;5;17898424006320401;"Bis wann wird die Demo ungefÃ¤hr gehen?";1558465625;6149755735;"paul_hendrich"
"fridaysforfuture.berlin";"Bxubzqyn2Va";4;5;17856020398418509;"Leute, was war denn das fÃ¼r ein Fail mit @chefket? FFF steht schon teilweise in der Kritik, da ihr zT als weiÃŸ-privilegierte Bewegung wahrgenommen werdet. Ihr mÃ¼sst dringend stellung beziehen und das gerade biegen. ihr verliert gerade massiv support von menschen mit migrationshintergrund, die sich aufgrund dieser politik ausgeschlossen fÃ¼hlen. kann ich verstehen. Schaut euch bitte die Story von Chefket komplett an und nehmt die Stimmen und die Kritik, die dort zum Ausdruck kommt erst.";1558471116;1413608270;"_mariamadonna_"
"fridaysforfuture.berlin";"Bxubzqyn2Va";4;5;18035029510151685;"Es ist super wichtig, dass ihr endlich Stellung bezieht und mit der Ã¶ffentlichen Kritik umgeht. Umweltschutz ist super wichtig, aber unsere ziele kÃ¶nnen wir nicht erreichen, wenn die Bewegung die Kritik und Sorgen von  @chefket & co nicht ernst nimmt. Jede Art des Aktivismus ist lÃ¼ckenhaft ohne IntersektionalitÃ¤t!!!";1558521828;2843815356;"sofiasox"
"fridaysforfuture.berlin";"Bxt3DO6DmfO";3;3;18067595554019235;"Wo endet der Streik?";1558457505;9676833031;"lottchensisi"
"fridaysforfuture.berlin";"Bxt3DO6DmfO";3;3;18001432849210320;"ğŸ’šğŸŒ";1558726707;11866545113;"trynature_"
"fridaysforfuture.berlin";"Bxt3DO6DmfO";3;3;18062855467064735;"Wo endet der Streit und bleiben wir am Brandenburger Tor ?";1558505244;7212000687;"nina_mrkl"
"fridaysforfuture.berlin";"BxsfHnan-Kl";16;23;18039186046137716;"@lea.cramer";1558379905;3283250947;"dominik.cramer"
"fridaysforfuture.berlin";"BxsfHnan-Kl";16;23;17846363086447523;"@notorious.muhsin  Here we go";1558378618;1509016691;"030.alicia"
"fridaysforfuture.berlin";"BxsfHnan-Kl";16;23;17856952996414740;"Nur auf Berlin bezogen oder deutschlandweit?";1558381069;1560337226;"ktown.pankgraf"
"fridaysforfuture.berlin";"BxsfHnan-Kl";16;23;18040796167143162;"ğŸ§â€â™‚ï¸ğŸ§â€â™‚ï¸ğŸ§â€â™‚ï¸ğŸ§â€â™‚ï¸ğŸ§â€â™‚ï¸ğŸ§â€â™‚ï¸";1558384365;6518560803;"ellixada"
"fridaysforfuture.berlin";"BxsfHnan-Kl";16;23;17890866886329368;"Ich komme auf jeden";1558384372;6518560803;"ellixada"
"fridaysforfuture.berlin";"BxsfHnan-Kl";16;23;18067711483043202;"@dilara.y16";1558382706;7036667659;"le.linak"
"fridaysforfuture.berlin";"BxsfHnan-Kl";16;23;18030633499161219;"â¤ï¸";1558401487;13924434309;"un_nuevo_planeta"
"fridaysforfuture.berlin";"BxsfHnan-Kl";16;23;17971412743257909;"Wo findet die Demo in Berlin statt und wann ?";1558390633;1925307655;"blue_lau_ree"
"fridaysforfuture.berlin";"BxsfHnan-Kl";16;23;18067597699041149;"Go Strong Rebels!!!
We wonâ€™t stop now ğŸ’šğŸ‘­ğŸŒğŸŒ»
XR_Portugal";1558437844;13015938050;"extintionrebellionpt"
"fridaysforfuture.berlin";"BxsfHnan-Kl";16;23;17885815747344685;"â¤ï¸ wir sind dabei!";1558450118;13754521433;"nachhaltigkeitsritter"
"fridaysforfuture.berlin";"BxsfHnan-Kl";16;23;18035252908150436;"Leider bekomm ich da meine PrÃ¼fungsergebnisse ğŸ˜¤ğŸ˜¤ğŸ˜¤";1558457949;2053638514;"yara.tasha"
"fridaysforfuture.berlin";"BxsfHnan-Kl";16;23;17857321777417329;"WÃ¼rd gern wieder. Schreiben am Freitag aber Klausur ğŸ™";1558534928;2321681291;"_alina_schladming"
"fridaysforfuture.berlin";"BxsfHnan-Kl";16;23;18031170574161902;"Nein @devil_in.red";1558470010;3414464783;"lifeediana"
"fridaysforfuture.berlin";"BxsfHnan-Kl";16;23;17862404365393160;"@lifeediana gehst du hin?";1558465673;7608859020;"devil_in.red"
"fridaysforfuture.berlin";"BxsfHnan-Kl";16;23;18035046262151949;"KÃ¶nnten wir auch spÃ¤ter dazukommen?";1558535007;2321681291;"_alina_schladming"
"fridaysforfuture.berlin";"BxsfHnan-Kl";16;23;18050895826112364;"https://www.vernunftkraft.de/mit-dem-zweiten-sieht-man-manchmal-besser/";1559020865;12044861533;"heinz851965"
"fridaysforfuture.berlin";"BxmrOMZH4f-";2;3;18040331665080962;"Wann und wo ist das?";1558256129;11367136917;"leonie_wdl"
"fridaysforfuture.berlin";"BxmrOMZH4f-";2;3;17962581598262914;"@nele_ltzk  lass machen oder";1558186748;1509016691;"030.alicia"
"fridaysforfuture.berlin";"BxkphoNDEGN";6;6;18025478002174377;"ğŸŒ";1558118409;13142820034;"fridaysforfuture.huberlin"
"fridaysforfuture.berlin";"BxkphoNDEGN";6;6;18044875543121068;"ğŸ™Œ";1558115771;13357543467;"nachhaltigkeitsbuero.huberlin"
"fridaysforfuture.berlin";"BxkphoNDEGN";6;6;17879873206357076;"Great Work Rebels!!!
We Wonâ€™t Stop Now ğŸ‘ğŸ»ğŸ‘ğŸ»ğŸ‘ğŸ»ğŸŒğŸ†˜â€¼ï¸
XR_Portugal";1558123656;13015938050;"extintionrebellionpt"
"fridaysforfuture.berlin";"BxkphoNDEGN";6;6;17946608395281127;"ğŸ’šğŸ¤ŸğŸ»";1558121591;10588162603;"fridaysforfuture_pisa"
"fridaysforfuture.berlin";"BxkphoNDEGN";6;6;18003528862205671;"Support the Global Pact for the Environment ! ğŸ•ŠğŸ’šğŸŒ¿";1558168103;8659009642;"globalpactenvironment"
"fridaysforfuture.berlin";"BxkphoNDEGN";6;6;17955789991279529;"ğŸ˜ƒ";1558122396;12873190566;"fridaysforfuture.tuberlin"
"fridaysforfuture.berlin";"BxiIeIUIPQU";10;11;17881736983351928;"â¤ï¸ğŸ‘";1558031175;13553421931;"_.save__the__world._"
"fridaysforfuture.berlin";"BxiIeIUIPQU";10;11;18039333940093565;"Mega eindrucksvoll! Hoffentlich kann man den Spot bald Ã¼berall in Deutschland sehenğŸ”¥";1558031187;3283250947;"dominik.cramer"
"fridaysforfuture.berlin";"BxiIeIUIPQU";10;11;18038117791143647;"Der Film ist super gut gemacht und der Inhalt Ã¼berzeugt total! DankeschÃ¶n an alle Beteiligten!!! ğŸ˜Š";1558034077;1974112599;"jorindeundjoringelundsoweiter"
"fridaysforfuture.berlin";"BxiIeIUIPQU";10;11;18047272762115571;"ğŸ”¥ğŸ”¥ğŸ”¥ COOLER FILM von @fridaysforfutureFFM ğŸ’ªğŸŒğŸŒ¿ aus Frankfurt!ğŸŒ»ğŸğŸš´â€â™€ï¸";1558032181;11443809680;"climatejustus"
"fridaysforfuture.berlin";"BxiIeIUIPQU";10;11;18034257520178709;":-)";1558036230;5599935079;"foot_snffr"
"fridaysforfuture.berlin";"BxiIeIUIPQU";10;11;17883866680346543;"Riesen props and die Macher von dem Spot, richtig eindrucksvoll!!";1558034483;8622598593;"paperfreddie"
"fridaysforfuture.berlin";"BxiIeIUIPQU";10;11;18039467257137973;"@creative_ravenclawgirl";1558033204;6061062168;"lnnd_25"
"fridaysforfuture.berlin";"BxiIeIUIPQU";10;11;17894101840323726;"Ich bin dabei! #fuforfuture @fridaysforfuture.fuberlin ğŸ™ŒğŸŒ";1558070410;274331762;"laura_natascha"
"fridaysforfuture.berlin";"BxiIeIUIPQU";10;11;17964815329269588;"ğŸ˜ğŸ‘ğŸ‘ğŸ’ªğŸŒˆ";1558195087;4227312081;"spree_bogen"
"fridaysforfuture.berlin";"BxiIeIUIPQU";10;11;17880056926358285;"ğŸ‘";1558130528;5945500164;"juppa2670"
"fridaysforfuture.berlin";"Bxh9AAECCNS";1;1;17860597756398615;"Wo genau?";1558029359;2897300448;"subsi_diaritaet"
"fridaysforfuture.berlin";"BxX0BQSHzb0";4;5;17874240502366091;"@neuertab ayyyyyy";1557686598;2095431757;"cineflexx"
"fridaysforfuture.berlin";"BxX0BQSHzb0";4;5;17843219776452152;"@lucia_s.s @_kleinana_ ğŸŒšğŸŒ";1557687082;5450484617;"julia_14_bln"
"fridaysforfuture.berlin";"BxX0BQSHzb0";4;5;17850445246426722;"@2en4_fr8d4 gehen wir? ğŸŒğŸŒğŸŒ";1557746885;11448507247;"anna.seitenmaedchen"
"fridaysforfuture.berlin";"BxX0BQSHzb0";4;5;17963251321270222;"@julie.brsch";1557687854;2130472707;"saint.selmo"
"fridaysforfuture.berlin";"BxPesYXH_GC";1;1;18064465588039439;"Wir sind mit unseren neuen Bannern dabei!ğŸ¥³";1557416074;12881530373;"fridaysforfuture.fuberlin"
"fridaysforfuture.berlin";"BxH7ydRnoGc";14;17;17969082796247938;"AufklÃ¤rung! Wandel! Verbesserung! ğŸ”¥";1557153463;2900577326;"max_green_by_maxgreen.info"
"fridaysforfuture.berlin";"BxH7ydRnoGc";14;17;18035155588141716;"Puh, ob das ein guter Ansatz ist? Fraglich. ..";1557154122;5838572279;"kinder_gestalten_zukunft"
"fridaysforfuture.berlin";"BxH7ydRnoGc";14;17;18030481597150159;"Da fehlen die Menschen...";1557155507;5586366822;"nature_of.life"
"fridaysforfuture.berlin";"BxH7ydRnoGc";14;17;17846140147435782;"Dass hinter der Karikatur soviel steckt, habe ich nicht erwartet. Richtig guter Post â¤ï¸ğŸ”¥. Habt ihr eine Quellenangabe fÃ¼r diese Informationen. WÃ¤re Klasse â¤ï¸ğŸŒğŸŒ±ğŸŒ¿";1557162265;2235005113;"mio.wins"
"fridaysforfuture.berlin";"BxH7ydRnoGc";14;17;17877441571351630;"ğŸ˜­";1557155935;7857657611;"incrediblespike"
"fridaysforfuture.berlin";"BxH7ydRnoGc";14;17;18058815898064764;"Eigentlich wÃ¤re es nur gerecht, wÃ¼rde der Mensch auch jetzt aussterben";1557164299;7984818607;"christiane.1650"
"fridaysforfuture.berlin";"BxH7ydRnoGc";14;17;17862373150381628;"Dieses Lied hat mich in meiner Jugend sehr geprÃ¤gt und ich finde es ist aktueller denn je. Dennoch haben viele Menschen immer noch nichts dazu gelernt. https://youtu.be/f-L-E_T6J_o (Werbung/Namensnennung: the last tree â€Kelly Familyâ€œ)";1557162347;3723009392;"danielafischerphotoart"
"fridaysforfuture.berlin";"BxH7ydRnoGc";14;17;17986638271225521;"Da gibt es eigentlich nichts zu liken, aber es ist einfach erschreckend wahr. Es muss JETZT was getan werden!ğŸ™ğŸ¼ğŸŒ±ğŸŒ";1557216846;11527105524;"partizipativgestalten"
"fridaysforfuture.berlin";"BxH7ydRnoGc";14;17;18030534439179924;"Da doll nochmal einer fragen, warum die SchÃ¼lerinnen und SchÃ¼ler streiken...";1557221196;5535738029;"manuela_lintl"
"fridaysforfuture.berlin";"BxH7ydRnoGc";14;17;18067909807059652;"Es fÃ¤llt schwer, hier auf "gefÃ¤llt mir" zu drÃ¼ckenğŸ˜¯";1557259340;2213859538;"balusion"
"fridaysforfuture.berlin";"BxH7ydRnoGc";14;17;17872757830365841;"Lang Lebe der Kapitalismus";1557239867;6540051046;"the_real_porg"
"fridaysforfuture.berlin";"BxH7ydRnoGc";14;17;17941291657286421;"Das ist so ein schwachsinn..... Ihr gebt tausenden SchÃ¼lern den Anlass die Schule zu schwÃ¤nzen.... Ihr mÃ¼sstet eig wissen das SchÃ¼ler unter 18 eine Schulpflicht haben und kein Demonstrationsrecht habenğŸ‘Œ";1557274532;8249760483;"paul_meyer1805"
"fridaysforfuture.berlin";"BxH7ydRnoGc";14;17;17870515522370635;"well";1557174042;430050745;"thatkaz"
"fridaysforfuture.berlin";"BxH7ydRnoGc";14;17;17989394725226700;"#einfachverbieten";1557839603;13487623584;"einfachverbieten"
"fridaysforfuture.berlin";"BxDZWXOHBDb";8;13;18058013989068843;"ğŸ§ Welche Parteien wÃ¼rdet ihr empfehlen? Und ich bin dabei.";1557009994;9147196372;"einhornbierpokemon"
"fridaysforfuture.berlin";"BxDZWXOHBDb";8;13;18062967928049679;"Mein kind wird 22.5 12Jahre alt ... mit wÃ¼rde 4mit ihm gestohlen ! Das wÃ¤re der 5der mir geraubt werden wÃ¼rde daran denke ich im mai";1557000229;5783735802;"greenrevolutionpk"
"fridaysforfuture.berlin";"BxDZWXOHBDb";8;13;18029726527154342;"Wenn man so wie ihr auf dem 2. Bild, die erste Partei auf dem Wahlzettel wÃ¤hlen wÃ¼rde, dann wÃ¼rde man SPD wÃ¤hlen. Misslungene Propaganda.";1557040806;6999747044;"hub3rrrt"
"fridaysforfuture.berlin";"BxDZWXOHBDb";8;13;18034069435185372;"Ich werde dort seinğŸ’ª";1557037101;3283250947;"dominik.cramer"
"fridaysforfuture.berlin";"BxDZWXOHBDb";8;13;18022350877171143;"#niemehrgroko #niemehrspd #niemehcdu #niemalsafd";1557225252;12617030388;"gegenartikelsiebzehn"
"fridaysforfuture.berlin";"BxDZWXOHBDb";8;13;17986055599225575;"Ich glaube da ist euch die Reihenfolge der Bilder durcheinander gekommenğŸ™ƒ";1557037920;10096118079;"fridaysforfuture_tuebingen"
"fridaysforfuture.berlin";"BxDZWXOHBDb";8;13;17995312819218953;"#niemehrgroko #niemehrspd #niemehcdu #niemalsafd";1557225373;12617030388;"gegenartikelsiebzehn"
"fridaysforfuture.berlin";"BxDZWXOHBDb";8;13;17985848278228671;"#niemehrgroko #niemehrspd #niemehcdu #niemalsafd";1557225312;12617030388;"gegenartikelsiebzehn"
"fridaysforfuture.berlin";"Bw9EdBCHVYF";6;8;17984802265225084;"ğŸ’ªğŸ’ªğŸ’ª";1556789251;5702862862;"eineweltblabla"
"fridaysforfuture.berlin";"Bw9EdBCHVYF";6;8;18061608388009374;"@seeillusion @karl0ppenheimer kommt ihr mit ?ğŸ˜Š";1556794235;6877554662;"ann.karolin"
"fridaysforfuture.berlin";"Bw9EdBCHVYF";6;8;17859575923391574;"ğŸ’š";1556799123;12970144061;"fibur.de"
"fridaysforfuture.berlin";"Bw9EdBCHVYF";6;8;18035368909136131;"ğŸ’š";1556798701;12970144061;"fibur.de"
"fridaysforfuture.berlin";"Bw9EdBCHVYF";6;8;18061868080028136;"@sarahxlocke @ayah.030 @dilaacrr";1556896681;4776288198;"kaia.mendes"
"fridaysforfuture.berlin";"Bw9EdBCHVYF";6;8;17959179334266335;"Wann ist der earth overshoot day fÃ¼r 2019??ğŸ™ŠğŸ™ŠğŸ™Š";1556799119;8893573524;"d18jdadfsddwddtzle"
"fridaysforfuture.berlin";"Bw6o8wlH5px";1;1;18060698521062449;"ğŸ‘ğŸ‘ğŸ‘ğŸ‘ğŸ”¥";1556722108;11925778638;"parents4future_aachen"
"fridaysforfuture.berlin";"Bw0Nuz-Ha7x";3;3;18034623034087310;"Also eigentlich ist Demokratie nur das und deshalb ist ein reformistischer Ansatz auch nicht das, was euch zu eurem Ziel fÃ¼hren wird. Solange wir in einer kapitalistischen Gesellschaft leben in der wir alle paar Jahre mal wÃ¤hlen wer uns weiter auf den Abgrund zusteuert, wird es niemals effektiven Klimaschutz geben, da es nicht einfach nicht im Interesse unseres Systems ist.";1556517863;284361233;"fuernixzuschaden"
"fridaysforfuture.berlin";"Bw0Nuz-Ha7x";3;3;17876627170350724;"@todeseule Wahrscheinlich wÃ¼rde unser aktuelles System als erstes zusammenbrechen, wenn absolut niemand zu einer Wahl mehr gehen wÃ¼rde.";1556534058;10931995879;"trixiness"
"fridaysforfuture.berlin";"Bw0Nuz-Ha7x";3;3;18027061897148173;"ğŸ’ªğŸŒ";1556558771;12326865125;"planetees.official"
"fridaysforfuture.berlin";"BwuMhYCH7X5";16;18;18055124059068242;"War richtig toll â¤ï¸";1556288385;7622313238;"x.pandaaa.xx"
"fridaysforfuture.berlin";"BwuMhYCH7X5";16;18;17858797219376478;"Super organisiert ğŸ’•";1556288395;7622313238;"x.pandaaa.xx"
"fridaysforfuture.berlin";"BwuMhYCH7X5";16;18;17842401616437120;"War echt mega. NÃ¤chste Woche wieder dabei ğŸ˜‚â¤ï¸";1556288694;11054561518;"herrfele2.0"
"fridaysforfuture.berlin";"BwuMhYCH7X5";16;18;18030064825131442;"ğŸ‘ğŸ‘ğŸ‘ ğŸ’ªğŸŒğŸŒğŸŒğŸŒ±ğŸŒ±ğŸŒ±";1556288729;11925778638;"parents4future_aachen"
"fridaysforfuture.berlin";"BwuMhYCH7X5";16;18;17940267544281640;"We've Only Got One {Earth} !";1556289084;8900997648;"onyoursleeve.shop"
"fridaysforfuture.berlin";"BwuMhYCH7X5";16;18;17925429997290911;"Vielen vielen Dank fÃ¼r die Plattoform! Macht bitte immer weiter so!â¤ğŸŒ";1556292809;5984230054;"_dianemaria_"
"fridaysforfuture.berlin";"BwuMhYCH7X5";16;18;17879136088340001;"Lasst doch den Lindner, der ist doch sowas von egal ğŸ˜";1556297010;7984818607;"christiane.1650"
"fridaysforfuture.berlin";"BwuMhYCH7X5";16;18;17848279612417671;"@christianlindner";1556303258;5569508567;"_maybeolgalin_"
"fridaysforfuture.berlin";"BwuMhYCH7X5";16;18;18060346429018411;"Kleidertausch war voll cool mÃ¼ssen wir unbedingt nochmal machen:)";1556303730;6521855610;"der.kracher.macher"
"fridaysforfuture.berlin";"BwuMhYCH7X5";16;18;18061533952022305;"UnterstÃ¼tzt FridaysForFuture !!!Checkt unsere Tshirts, Caps... Ein Muss fÃ¼r jede FFF Demoâ—ğŸŒ 100% des Gewinns werden fÃ¼r wohltÃ¤tige Zwecke gespendet. Dm fÃ¼r weitere Infos, Link in Bio)
#fridaysforfuture #Klimawandel";1556317489;10891051162;"jamberg.store_de"
"fridaysforfuture.berlin";"BwuMhYCH7X5";16;18;17858994517381882;"Ihr macht das einfach nur gut";1556346829;3136704951;"martinscheunemann"
"fridaysforfuture.berlin";"BwuMhYCH7X5";16;18;18034657672082351;"ğŸ‘ğŸ»ğŸ‘ğŸ»ğŸ‘ğŸ»ğŸ‘ğŸ»ğŸŒğŸ’š";1556379271;11135695558;"fridaysforfuture.solingen"
"fridaysforfuture.berlin";"BwuMhYCH7X5";16;18;17848509259419586;"Gute Idee mit kleiderttausch sagt mal Hannover von der idee";1556387135;5783735802;"greenrevolutionpk"
"fridaysforfuture.berlin";"BwuMhYCH7X5";16;18;17937620800287122;"#actnow";1556468823;6923039759;"bangtan.kr7"
"fridaysforfuture.berlin";"BwuMhYCH7X5";16;18;18030773506131177;"@christianlindner #wowarlindner";1556351835;6785131759;"a_cute_brat"
"fridaysforfuture.berlin";"BwuMhYCH7X5";16;18;18061277473061809;"weiter so :-)";1556823057;8376006380;"martin_kugler72"
"fridaysforfuture.berlin";"Bwo3-uwHkm0";7;7;17994858379203362;"Kann ich alles mitbringen also auch Louis? @_janek.junge_";1556109906;4208120991;"kswg_lenny"
"fridaysforfuture.berlin";"Bwo3-uwHkm0";7;7;17924604895291629;"ğŸ‘ğŸ‘";1556110344;10636927983;"fridays.for.future.landsberg"
"fridaysforfuture.berlin";"Bwo3-uwHkm0";7;7;17858225185384303;"@samiiiminecraft_2.0malwieder._";1556145630;6332181291;"coralie_von_schwaetz"
"fridaysforfuture.berlin";"Bwo3-uwHkm0";7;7;17882582740332578;"ğŸ”¥";1556121975;640871864;"majoka_22"
"fridaysforfuture.berlin";"Bwo3-uwHkm0";7;7;18028530283171675;"https://www.vernunftkraft.de/mit-dem-zweiten-sieht-man-manchmal-besser/";1559020883;12044861533;"heinz851965"
"fridaysforfuture.berlin";"Bwo3-uwHkm0";7;7;17936440555286810;"War echt cool wieder heute und ich bin froh, dass so viele gekommen sind, obwohl es so warm war";1556286986;11054561518;"herrfele2.0"
"fridaysforfuture.berlin";"Bwo3-uwHkm0";7;7;17948962135276905;"@fridaysforfuture.berlin laufen wir dann auch wieder da Ã¼berall lang (FriedrichstraÃŸe, Unter den Linden -> Brandenburger Tor), oder bleiben wir im Invalidenpark?";1556217746;5885412380;"ole_fxhz"
"fridaysforfuture.berlin";"Bwm65PAnWO6";2;2;18033003298086020;"ğŸ‘ğŸ‘ğŸ‘";1556105483;10636927983;"fridays.for.future.landsberg"
"fridaysforfuture.berlin";"Bwm65PAnWO6";2;2;18060206740023502;"Sie retten die Welt! Thankyou so muchğŸŒğŸŒºğŸ§šğŸ¿â€â™‚ï¸ğŸ‘“";1556108631;4033748983;"dameparadies"
"fridaysforfuture.berlin";"BwRXC5hnfv1";3;3;18058823419015733;"ğŸ‘";1555407491;3149104358;"renewableenergyact"
"fridaysforfuture.berlin";"BwRXC5hnfv1";3;3;17855130442384333;"@pr0krastinati0n @bosch_drms";1555324345;3648377974;"timi3u"
"fridaysforfuture.berlin";"BwRXC5hnfv1";3;3;18024495619179721;"ğŸ”¥";1555418749;3283250947;"dominik.cramer"
"fridaysforfuture.berlin";"BwF3_IKhk21";9;13;18037437280129185;"Ob das tanzen so viel bringt? :D";1554936658;7255668406;"_philippbock_"
"fridaysforfuture.berlin";"BwF3_IKhk21";9;13;17988154300212852;"@coopa_carina";1554965128;3283250947;"dominik.cramer"
"fridaysforfuture.berlin";"BwF3_IKhk21";9;13;17960333887255817;"@lauraa1398";1554971599;238832317;"chiarath"
"fridaysforfuture.berlin";"BwF3_IKhk21";9;13;18053383903051334;"@kwirx.kind ?â¤ï¸";1554962453;6518560803;"ellixada"
"fridaysforfuture.berlin";"BwF3_IKhk21";9;13;17960026162256226;"@diese.mary ğŸ˜ŠğŸ˜ŠğŸ˜Š";1554990483;7579801279;"incredible_marc"
"fridaysforfuture.berlin";"BwF3_IKhk21";9;13;17849395768403266;"@mxd1n";1554994025;2557074820;"k.m1randaa"
"fridaysforfuture.berlin";"BwF3_IKhk21";9;13;17944699822274684;"Mannnn unsere Lehrer schreiben jetzt immer Freitags irgendwelche Tests und man kriegt ne 6";1555007749;11318555013;"kania.2004"
"fridaysforfuture.berlin";"BwF3_IKhk21";9;13;17944917823272150;"ğŸ‘ğŸ‘ğŸ‘ğŸ‘ğŸ‘ğŸ‘ğŸ‘ğŸ‘ğŸ‘ğŸ‘";1555065632;4033748983;"dameparadies"
"fridaysforfuture.berlin";"BwF3_IKhk21";9;13;17849840014399622;"war toll !!! ğŸ‘ğŸ‘ğŸ‘ğŸ‘";1555083002;4214870122;"hei_di_ho"
"fridaysforfuture.berlin";"BwCS6wDHN_b";5;9;18044604745077544;"Gibt es wieder eine Kundgebung oder laufen wir auch?";1554817411;1727065175;"_spargeltarzan"
"fridaysforfuture.berlin";"BwCS6wDHN_b";5;9;17951635543267751;"gibt es eigentlich mal wieder solikÃ¼chen-essen irgendwann?";1554833082;3667037744;"andererseitssowieso"
"fridaysforfuture.berlin";"BwCS6wDHN_b";5;9;17849009164392214;"Super! !!!!!!!!";1554833425;5838572279;"kinder_gestalten_zukunft"
"fridaysforfuture.berlin";"BwCS6wDHN_b";5;9;17975493268240735;"Ihr zieht das ja echt durch";1554834691;1966273627;"sudarshan1015"
"fridaysforfuture.berlin";"BwCS6wDHN_b";5;9;18053707618061726;"Werden Raucher eigentlich aus den Demos verstoÃŸen? Kann ja nicht gut fÃ¼rs Klima sein.";1554908823;11133221187;"valhxall"
"fridaysforfuture.berlin";"Bv_3JwKHj5z";6;22;17887906783312446;"ğŸ’ªğŸŒ";1554737563;429007550;"claramarisam"
"fridaysforfuture.berlin";"Bv_3JwKHj5z";6;22;18025215343189657;"Act now !!!!ğŸ’ªğŸŒ";1554740025;2871680336;"c1ara2ynn"
"fridaysforfuture.berlin";"Bv_3JwKHj5z";6;22;17870907175348395;"Und Verkehrswende!!!!";1554798392;1966273627;"sudarshan1015"
"fridaysforfuture.berlin";"Bv_3JwKHj5z";6;22;17859075352374970;"ğŸ‘";1554743159;2942641856;"heikegronemann"
"fridaysforfuture.berlin";"Bv_3JwKHj5z";6;22;17857801966391142;"Man merkt, dass die Forderungen von Kindern gestellt werden";1556005806;4017797731;"lan_fang_chan"
"fridaysforfuture.berlin";"Bv_3JwKHj5z";6;22;18026483590186764;"#ffffordert";1554752221;3283250947;"dominik.cramer"
"fridaysforfuture.berlin";"BvtGoLLoxpy";7;11;18034952731115168;"@fridaysforfuture.berlin kÃ¶nntet Ihr mir vielleicht noch sagen wie die zweite Band am Anfang hieÃŸ? Plsss ğŸ™ğŸ™ğŸ™";1554123926;7873165269;"_ronja_0.4"
"fridaysforfuture.berlin";"BvtGoLLoxpy";7;11;18050249431016850;"@fridaysforfuture.berlin Vielen Dank euch! :) Und vielen Dank euch fÃ¼r eure ganze Arbeit! Bis gerne bald â˜„ï¸";1554127693;412082522;"leoholldack"
"fridaysforfuture.berlin";"BvtGoLLoxpy";7;11;18008466940194301;"Enjoy the Spring in #Berlin ğŸ™Œ If you are Hungryâ €or in the mood for a cold Beer ? Come to us in @lindenbraeuğŸ»ğŸ–";1554136754;4656639782;"lindenbraeu"
"fridaysforfuture.berlin";"BvtGoLLoxpy";7;11;18025588486088058;"wie hieÃŸ der SÃ¤nger ganz am Anfang? (Der die melancholische Musik gesungen hat)";1554128464;6054803946;"this_is_annaaa"
"fridaysforfuture.berlin";"BvtGoLLoxpy";7;11;18054194239032629;"@fridaysforfuture.berlin Gibt es vor Ort Anwesenheitslisten o.Ã¤., die im Nachhinein eingesehen werden kÃ¶nnen, um einen Nachweis dafÃ¼r zu haben, dass man wirklich auf der Demo war?";1554227036;1913743627;"lidolaa"
"fridaysforfuture.berlin";"BvtGoLLoxpy";7;11;18025540102091737;"Ist am Freitag den 5.4 wieder ein Streik?";1554134691;4229459590;"proudtinita"
"fridaysforfuture.berlin";"BvtGoLLoxpy";7;11;17986199836223394;"Braucht ihr noch Bilder zu der Demo am 29.3?";1554407168;11320742658;"fridaysforfuturebrandenburgadh"
"fridaysforfuture.berlin";"BvoNKDMnsIG";23;33;18022202011136370;"Ich war das erste Mal ( aber ganz sicher nicht das letzte Mal) dabei und es war einfach der Wahnsinn";1553940649;11549948472;"_cla.ebb_bln_"
"fridaysforfuture.berlin";"BvoNKDMnsIG";23;33;17863188727360085;"ğŸ‘ğŸ’šğŸ˜Š";1553944634;3067333433;"roffeh.berg"
"fridaysforfuture.berlin";"BvoNKDMnsIG";23;33;17983993108212381;"The BNP Paribas France bank branch opens up international credit opportunities for people of good character. If you need credit to open a business, trade, build a house, a company, pay for vehicles, etc. The bank BNP Paribas France is ready to accompany you in your project. interested please contact Whatsapp number: +1 979 705 1955 or email: bonnafejeanlaurent62@gmail.com";1553950476;10859336960;"2380john9"
"fridaysforfuture.berlin";"BvoNKDMnsIG";23;33;17860789141364161;"Ich finde es einfach ein wenig doppelmoralisch, wenn man auf die straÃŸe geht um fÃ¼r das klima zu protestieren, aber dann an sylvester raketen und bÃ¶ller ohne ende zÃ¼ndet... wÃ¼rde mir wirklich mal gedanken machen was man selbst zum klima beitrÃ¤gt";1553953944;4512882519;"e_mlx"
"fridaysforfuture.berlin";"BvoNKDMnsIG";23;33;17974469695225109;"Wow!";1553954879;1436860954;"lisagatzz"
"fridaysforfuture.berlin";"BvoNKDMnsIG";23;33;18053850412060914;"Ein ganz wichtiges starkes Zeichen!";1553954906;3283250947;"dominik.cramer"
"fridaysforfuture.berlin";"BvoNKDMnsIG";23;33;18006218224197490;"http://klima-der-gerechtigkeit.de/2017/11/01/neu-interaktive-weltkarte-zu-geoengineering-experimenten/";1553957123;5328694571;"philipp_goelitz"
"fridaysforfuture.berlin";"BvoNKDMnsIG";23;33;18050106862043868;"Hallo ihr lieben Menschen informiert dich bzw euch groÃŸflÃ¤chig Ã¼ber militÃ¤risches Geoengineering. Informiert euch auch Ã¼ber die letzten  10 nationalen und internationalen staatsrechtlichen VertrÃ¤ge offiziell wie geheim . Um zu erkennen und zu verstehen wie hier wirklich gesteuert wird ist es zwingend erforderlich tiefer in die Materie einzusteigen als nur auf die StraÃŸe zu gehen und zu sagen wir sind gegen irgendetwas, es dÃ¼rfen  direkte Forderungen an MilitÃ¤r und Wirtschaft gestellt werden  Punkt denn Forderungen an Politik  machen keinen Sinn da wir uns in einer Diktatur befinden oder besser gesagt eine reprÃ¤sentative Scheindemokratie . Die Bundesregierung hat lÃ¤ngst den Schutzauftrag des Volkes vergessen und fÃ¼r wirtschaftliche Interessen eingesetzt .Es gibt keinen Klimawandel wie es euch erzÃ¤hlt wird, alles was ihr am Himmel seht und war nehmt ist militÃ¤risches Geoengineering. Oder habt ihr euch noch nie gefragt warum man in der WÃ¼ste oder an anderen Orten der Welt nichts vom angeblichen Klimawandel merkt und spÃ¼rt ?! Es geht hier um die Ressource Wasser und es geht darum das Mitteleuropa in einem Rahmen und Versuchsprojekt liegt indem KollateralschÃ¤den und Verwerfungen in Kauf genommen werden. Reschaschiert bitte auch noch die letzten 100 Jahre an VertrÃ¤gen die Ã¼ber die Menschen beschlossen wurden. Wir befinden uns im modernen Menschenhandel . Haager Landkriegsordnung, Genfer Abkommen, UNO-Charta Komma Lissabon-Vertrag, Aachener Vertrag un migrationspakt. Wenn ihr das alles gelesen habt dann wisst ihr wo wir uns weltweit befinden, im modernen Sklaven und Menschenhandel. 
Hier alle Fakten und Quellenangaben zu angewandten militÃ¤rischen Geoengineering Ã¼ber Europa Brennpunkt Deutschland.
http://klima-der-gerechtigkeit.de/2017/11/01/neu-interaktive-weltkarte-zu-geoengineering-experimenten/
https://m.faz.net/aktuell/gesellschaft/wetter-macht-geschichte-wetter-als-waffe-181243.html
http://www.geoengineeringmonitor.org/2018/09/atmospheric-geoengineering-video
http://www.chemtrail.de/us-patent-und-warenzeichen-amt/
http://www.chemtrail.de/chemtrails/dokumente/wissenschaftlich/
https://www1.wdr.de/wissen/natur/kommentar-aufforderung-zur-umweltkriminalitaet-100";1553956880;5328694571;"philipp_goelitz"
"fridaysforfuture.berlin";"BvoNKDMnsIG";23;33;18018435844180362;"ğŸ‘ğŸ»ğŸŒğŸ‘ğŸ»ğŸ‘ğŸ»ğŸ‘ğŸ»ğŸ‘ğŸ»ğŸ‘ğŸ»ğŸ‘ğŸ»ğŸ‘ğŸ»ğŸ‘ğŸ»ğŸ‘ğŸ»ğŸŒ¸ğŸ’•ğŸŒ¸";1553983734;419249030;"pammila727"
"fridaysforfuture.berlin";"BvoNKDMnsIG";23;33;17861981923364536;"Ich danke euch, Ich hoffe dir geht's gut mono, deine Tante Tina macht sich groÃŸe Sorgen um alles und jeden, um dich sehr.viel Erfolg uns allen. Live in love. Tina â™¥ â™¥ â™¥ â™¥ â™¥ â™¥ â™¥ â™¥ â™¥ â™¥ â™¥ â™¥";1553967472;8469159113;"kamisamakisstin"
"fridaysforfuture.berlin";"BvoNKDMnsIG";23;33;18049888942014018;"Ich bin ein Kind der Wende, des Mauerfalls. Die Macht der Menschen auf der StraÃŸe ist unbestritten. Man kann immer gegen sein und selbst nichts bewegen. Greta Thunberg ist klug, mutig und kein Maulheld. Sie rÃ¼ttelt wach und inspiriert politikmÃ¼de oder desinteressierte junge Menschen. Sie wissen genau, dass es um Alles geht!";1553983793;2942641856;"heikegronemann"
"fridaysforfuture.berlin";"BvoNKDMnsIG";23;33;18042065527078723;"Beautiful";1553995651;1473220230;"tiff_lovesearth"
"fridaysforfuture.berlin";"BvoNKDMnsIG";23;33;18050833012009974;"Klimaschutz? Wenn ich das ganze Leben mÃ¶chte, dann bitte komplett. Ansonsten sind es nur reine LÃ¼gen von euch. Ihr nutzt alle Handys. Mit das grÃ¶ÃŸte Umweltproblem. Ihr fliegt in den Urlaub. Ihr fahrt jeden Tag mit dem Auto oder mit dem Bus... was soll das. Ich denke ihr seid alle fÃ¼r Klimaschutz? Ich kann doch keinem erzÃ¤hlen, ich sei fÃ¼r den freundlichen Umgang mit Tieren, kein Fleisch, und sitze dann wenig spÃ¤ter beim DÃ¶ner und lass es mir schmecken. Was fÃ¼r ein aufgeweichtes BrÃ¶tchen muss man im Kopf haben... das alles ist mehr als SUBSTANZLOS!!!";1554001210;7175863215;"martinjonas_real_mj"
"fridaysforfuture.berlin";"BvoNKDMnsIG";23;33;18051775897016842;"Amazing";1554015775;9897915070;"diablo_risingtide"
"fridaysforfuture.berlin";"BvoNKDMnsIG";23;33;17957064889249586;"Wann werden endlich gÃ¼ltige FriedensvertrÃ¤ge gefordert? Wann wird endlich der stop vom militÃ¤rischen Geoengineering gefordert? Wann wird endlich ein Flugverbot eingefÃ¼hrt?";1553957161;5328694571;"philipp_goelitz"
"fridaysforfuture.berlin";"BvoNKDMnsIG";23;33;18023040907190849;"Wahnsinn! !!!!!!!!! Yes";1554022516;5838572279;"kinder_gestalten_zukunft"
"fridaysforfuture.berlin";"BvoNKDMnsIG";23;33;18050423620031942;"... und icke mitten drin ! ... das waren doch sicher mehr als >25.000 ğŸ˜‰ğŸ¤”";1554020302;4214870122;"hei_di_ho"
"fridaysforfuture.berlin";"BvoNKDMnsIG";23;33;18018640624148672;"Weiter machen.  Nicht aufhÃ¶ren.";1554182423;11471901575;"rechtsanwaeltefruehmarkundvogt"
"fridaysforfuture.berlin";"BvoNKDMnsIG";23;33;18025489657081333;"ğŸ’•ğŸ˜»";1554017056;7548837178;"change_awareness_"
"fridaysforfuture.berlin";"BvoNKDMnsIG";23;33;17885510965311673;"stoppt die ÃœberbevÃ¶lkerung";1554027898;11882453475;"lacktechgmbh"
"fridaysforfuture.berlin";"BvoNKDMnsIG";23;33;18027073813094834;"Geht in die Schule statt Ressourcen zu verschwenden und beachtet mal das GG, dann seht ihr, dass ihr zwar demonstrieren dÃ¼rft (was ich auch gut finde) aber diese Provokation ist langsam Ã–de. AuÃŸerdem ist es absolut untragbar, wie sie einige Politiker zu dieser Beugung des GG verhalten. Von Frau Merkel u. A. hÃ¤tte ich mehr erwartet";1554349748;2061898185;"micha190497"
"fridaysforfuture.berlin";"BvoNKDMnsIG";23;33;18035607385102109;"MilitÃ¤risches angewandtes Geoengineering ist der Klimakiller Nummer 1!";1554405507;5328694571;"philipp_goelitz"
"fridaysforfuture.berlin";"BvoNKDMnsIG";23;33;18051942826001858;"Ist eigentlich das Rauchen auf den Demos erlaubt? ğŸ¤”";1554645568;11133221187;"valhxall"
"fridaysforfuture.berlin";"BveXRRIHpgL";23;48;18008872672168469;"Word!";1553611250;5338052609;"smart_cost"
"fridaysforfuture.berlin";"BveXRRIHpgL";23;48;18049532473046252;"sorry Greta";1553616216;10802498435;"unusualmentor"
"fridaysforfuture.berlin";"BveXRRIHpgL";23;48;18022670776142672;"Wir dÃ¼rfen nicht, weil unsere Biolehrerin meint, einen Test schreiben zu mÃ¼ssen und wir bei einer LeistungsÃ¼berprÃ¼fung nicht demonstrieren gehen dÃ¼rfen.. super gemacht, SchuleğŸ™„ğŸ‘ğŸ¼";1553616489;2235723731;"an_xngel"
"fridaysforfuture.berlin";"BveXRRIHpgL";23;48;18040658977078848;"Ich freu mich auf Greta!!!";1553609803;5885412380;"ole_fxhz"
"fridaysforfuture.berlin";"BveXRRIHpgL";23;48;17986502731206416;"Greta kommt und ich hab Geburtstag ğŸ˜â¤ğŸŒâ¤ğŸ˜ğŸ‚";1553616291;11448507247;"anna.seitenmaedchen"
"fridaysforfuture.berlin";"BveXRRIHpgL";23;48;17864161006356440;"ğŸ‘Œ";1553623922;4774523245;"cederlundg"
"fridaysforfuture.berlin";"BveXRRIHpgL";23;48;18040166110078583;"I LOVE you for ever Tina Maria Riefer aus saarbrocklyn w-germany 66119 SaarbrÃ¼cken lehmkaulweg 17. â™¥ â™¥ â™¥ â™¥";1553624876;8469159113;"kamisamakisstin"
"fridaysforfuture.berlin";"BveXRRIHpgL";23;48;17984805874205034;"#doitlikegreta @doitlikegreta ğŸŒâ¤ï¸ We need your support ğŸ™Œ";1553635590;11334576264;"doitlikegreta"
"fridaysforfuture.berlin";"BveXRRIHpgL";23;48;18042016498073075;"Target those oil corporations, they are the culprits, they created all sorts of stuff toxic to our planet..from packaging to household products . And they are running from taxes too. Leaving everybody to be responsible to the environment at our costs.";1553662519;8925541416;"homo_sapien_x"
"fridaysforfuture.berlin";"BveXRRIHpgL";23;48;18032491819099499;"Thank you for what you do, and for being you.";1553648678;1620422050;"roundtheworldnback"
"fridaysforfuture.berlin";"BveXRRIHpgL";23;48;17873653786334078;"ğŸ‘ğŸ‘ğŸ‘";1553671221;8032712963;"frankfurter_bub62"
"fridaysforfuture.berlin";"BveXRRIHpgL";23;48;18048964150032235;"Sad but true for most of us.";1553665716;3411751524;"richardmcllewellyn"
"fridaysforfuture.berlin";"BveXRRIHpgL";23;48;17954437132260726;"ğŸ†ğŸ†ğŸ†";1553713166;11780318324;"fridaysforfuture.2030"
"fridaysforfuture.berlin";"BveXRRIHpgL";23;48;17971703728232345;"That is so right Greta";1553679465;7064765999;"sybillevandevoort"
"fridaysforfuture.berlin";"BveXRRIHpgL";23;48;17939469862273927;"The sound from Greta Thundberg has reached full support from here. Continue, there is no way back. Good luck. Rling";1553714313;5418457755;"rlingoutlook"
"fridaysforfuture.berlin";"BveXRRIHpgL";23;48;17867412709347510;"Bis wann geht die Demo?";1553798925;11549948472;"_cla.ebb_bln_"
"fridaysforfuture.berlin";"BveXRRIHpgL";23;48;18052451434039833;"greta is such an angelğŸ’™";1553817102;4540532607;"lotte.bln"
"fridaysforfuture.berlin";"BveXRRIHpgL";23;48;18021452926189563;"ğŸ’š";1553641172;11912774264;"parentsforfuture_uk"
"fridaysforfuture.berlin";"BveXRRIHpgL";23;48;17849778172379622;"Gratuliere ! Coole Aktion habt Ihr da organisiert. - War die beste Demo in Berlin  seit der vom 4. November 1989 auf dem Alex !";1553866432;4214870122;"hei_di_ho"
"fridaysforfuture.berlin";"BveXRRIHpgL";23;48;17868649210347422;"Heute waren wieder 10000ende beim #Klimastreik bei #fridaysforfuture in Berlin. GroÃŸartig ğŸ˜€! Weiter so! #fridaysforfutureberlin #rettetdasklima #kohleausstieg";1553868676;3468452861;"kerstin.mueller63"
"fridaysforfuture.berlin";"BveXRRIHpgL";23;48;18045313432068199;"Wie viel CO2 ist denn in der AtmosphÃ¤re? 0,04% laut Wikipedia.
Was soooo viel? ğŸ˜²";1553870815;4186645400;"derlustigemichel"
"fridaysforfuture.berlin";"BveXRRIHpgL";23;48;17884842394313173;"Ihr bewirkt nichts geht in die Schule und lernt wasğŸ˜’";1553903861;7688471499;"mr.propro_islow"
"fridaysforfuture.berlin";"BveXRRIHpgL";23;48;18021340894133620;"ğŸ˜ƒğŸ˜ƒğŸ˜ƒâœŒ..";1553964522;1818181582;"kira_alin"
"fridaysforfuture.berlin";"BvUbz5BnlZp";7;10;17879246455317029;"Yes wir sind dabei ğŸ’ªğŸ¼ğŸ’ªğŸ¼";1553277109;11712931427;"studentsforfuture_"
"fridaysforfuture.berlin";"BvUbz5BnlZp";7;10;18007785283172430;"Ohhhhâ€¦hoher Besuch";1553284205;5885412380;"ole_fxhz"
"fridaysforfuture.berlin";"BvUbz5BnlZp";7;10;17853536179374706;"Sind vegan grandmas for future  auch willkommen?";1553298667;2648168638;"selbstversorgerinnen"
"fridaysforfuture.berlin";"BvUbz5BnlZp";7;10;18027722047127985;"Kommt @gretathunberg wirklich nach Berlin?";1553373103;7366649113;"stranger.edit_"
"fridaysforfuture.berlin";"BvUbz5BnlZp";7;10;18046573807053339;"@_.nadinechen._  gehen wir hinnn?ğŸ˜";1553367463;11424037190;"fighting4our.planet"
"fridaysforfuture.berlin";"BvUbz5BnlZp";7;10;18052161049042524;"Dann kÃ¶nnen wir mit dem Demobesuch endlich die Welt retten und dann schon weiter mit dem Starbucks CaffÃ¨ und dem Subway BrÃ¶tchen in der Bob lernen und unsere GerÃ¤te nutzen, fÃ¼r die bei der Produktion von Coltan uÃ„ extrem viel CO2 und MenschenwÃ¼rde aufgegeben wurden. Danach kann man mit gutem Gewissen weiterstudieren, damit man sich den Bali-Urlaub auch redlich verdient hat ;)";1553635275;3600532851;"julius.e_05"
"fridaysforfuture.berlin";"BvUbz5BnlZp";7;10;17859045469366921;"Wann endet die Demo ungefÃ¤hr?";1553547627;12060011201;"lwp.rostock"
"fridaysforfuture.berlin";"BvJ34UVnF_z";9;10;17936498152273118;"â¤ï¸ğŸŒğŸ™Œ";1552922905;3261734907;"fridaysforfuture.berlin"
"fridaysforfuture.berlin";"BvJ34UVnF_z";9;10;18025287487125768;"wahren?";1552922571;691427950;"paul_yannic"
"fridaysforfuture.berlin";"BvJ34UVnF_z";9;10;18029458753098478;"Vom Hauptbahnhof die ganze InvalidenstraÃŸe bis zum Nordbahnhof war voll";1552924253;5586366822;"nature_of.life"
"fridaysforfuture.berlin";"BvJ34UVnF_z";9;10;18036518674075784;"Essenziell fÃ¼r die Klimaentwicklung ist die LebensfÃ¼hrung des Einzelnen. Zur Diskrepanz zwischen Forderungen und eigenem Verhalten habe ich kÃ¼rzlich einen interessanten Artikel abfasst, den Sie auf meinem Kanal lesen kÃ¶nnen!";1552926470;11886569842;"meineteile"
"fridaysforfuture.berlin";"BvJ34UVnF_z";9;10;17875467097323137;"ğŸ‘ğŸ‘ğŸ‘";1552945974;1984855191;"petergruse"
"fridaysforfuture.berlin";"BvJ34UVnF_z";9;10;17983141333202174;"krass";1552925158;4923281725;"voegelchen.17"
"fridaysforfuture.berlin";"BvJ34UVnF_z";9;10;18002407621196555;"ğŸ‘ğŸ‘ğŸ‘ğŸ¼";1553020997;8032712963;"frankfurter_bub62"
"fridaysforfuture.berlin";"BvJ34UVnF_z";9;10;17856662608368965;"ğŸ‘ğŸ‘ğŸ‘ğŸ’šğŸ’šğŸ’šğŸ’šğŸ’šğŸ’šğŸ’š";1553166123;7686210342;"simonenicoledubo"
"fridaysforfuture.berlin";"BvJ34UVnF_z";9;10;17979265210220289;"@paufreiree";1553029192;2124500645;"ionakarayiannis"
"fridaysforfuture.berlin";"BvGvps5n2rs";15;15;17983911829207657;"Respekt";1552819066;3136704951;"martinscheunemann"
"fridaysforfuture.berlin";"BvGvps5n2rs";15;15;17866067989343928;"Fff";1552818466;5446142387;"maulifianafa_"
"fridaysforfuture.berlin";"BvGvps5n2rs";15;15;18001944055196918;"Hoffendlich bekommen die Partein, die uns nicht ernst nehmem (CDU, FDP, AFD) bei der Europa Wahl aufs Mauk";1552819625;7346141884;"mr._pankow"
"fridaysforfuture.berlin";"BvGvps5n2rs";15;15;18020745565187828;"Ihr seid groÃŸartigğŸŒğŸ’ª";1552823027;8503212618;"alicevondenwoelfen"
"fridaysforfuture.berlin";"BvGvps5n2rs";15;15;17983730554205220;"âœŠğŸŒâœŠ";1552826913;1553222239;"hoppenbrock_the_illustrator"
"fridaysforfuture.berlin";"BvGvps5n2rs";15;15;18035633032078630;"ğŸ’šğŸ’šğŸ’š";1552835375;1568951120;"lukas.hdp"
"fridaysforfuture.berlin";"BvGvps5n2rs";15;15;18006103777175912;"ğŸ";1552843822;6827850865;"beeonamission"
"fridaysforfuture.berlin";"BvGvps5n2rs";15;15;18016338787191159;"Ich glaube es geht nicht darum etwas zu bewegen, sondern eher darum dass man nicht regungslos zuzugucken darf und nichts unternimmt. Die Ergebnisse kommen dann von alleine.";1552838020;4228436484;"dimitriosroman"
"fridaysforfuture.berlin";"BvGvps5n2rs";15;15;18030497323116866;"ğŸ’šğŸ’šğŸ’šğŸ’šğŸ’šğŸ’šğŸ’šğŸ’šğŸ’šğŸ’šğŸ’šğŸ’šğŸ’šğŸ’šğŸ’š";1552844623;6205282900;"x.amina.r"
"fridaysforfuture.berlin";"BvGvps5n2rs";15;15;18004479982163747;"Die Zahlen sind geiloo.";1552844859;6025753712;"jstmyopnion_whuut"
"fridaysforfuture.berlin";"BvGvps5n2rs";15;15;18028516609116343;"ğŸ‘ğŸ‘ğŸ‘";1553019309;8032712963;"frankfurter_bub62"
"fridaysforfuture.berlin";"BvGvps5n2rs";15;15;17935795684273642;"Bravo âœŠğŸ½ğŸŒ";1552825858;3469285037;"martinkatz.photo"
"fridaysforfuture.berlin";"BvGvps5n2rs";15;15;17952753427248433;"Super!! ğŸ’šğŸ’š";1552900547;11891856926;"_vegan_lifestyle_blog_"
"fridaysforfuture.berlin";"BvGvps5n2rs";15;15;17846713738391755;"ğŸ¤—ğŸ‘ğŸ»ğŸ’šâ¤ï¸â¤ï¸â¤ï¸ğŸ’–ğŸ’•";1553114461;2228226303;"kibokickan"
"fridaysforfuture.berlin";"BvGvps5n2rs";15;15;17854908733370357;"@insta__kady";1553284358;6268027724;"manu.21113"
"fridaysforfuture.berlin";"Bu_NpNeHJ1a";13;15;18027571285114563;"â¤ï¸â¤ï¸â¤ï¸â¤ï¸â¤ï¸ğŸ‘ğŸ‘ğŸ‘‹ğŸ‘‹ğŸ‘‹";1552568111;2318936423;"_sina.ha"
"fridaysforfuture.berlin";"Bu_NpNeHJ1a";13;15;18012237760146070;"â¤ğŸ’ªğŸ˜Š";1552573217;2533226107;"annikanrandin"
"fridaysforfuture.berlin";"Bu_NpNeHJ1a";13;15;18019838398082813;"Und wird es einen demozug geben?";1552587993;4851934852;"e_maria_k.h"
"fridaysforfuture.berlin";"Bu_NpNeHJ1a";13;15;17951576629250179;"Gibt es einen Ablaufplan, bzw wann wird der Streik etwa vorbei sein?";1552580532;2991006815;"henrikinfarbe"
"fridaysforfuture.berlin";"Bu_NpNeHJ1a";13;15;18027547657119191;"Wo beginnt er genau am Invalidenpark?";1552591379;7967296059;"emmx.xulie"
"fridaysforfuture.berlin";"Bu_NpNeHJ1a";13;15;18011050612157622;"Wo geht die Demo lang?";1552642269;4253814397;"_melapples_"
"fridaysforfuture.berlin";"Bu_NpNeHJ1a";13;15;18045707869039325;"ğŸ˜ğŸ‘";1552657098;225932824;"sl300"
"fridaysforfuture.berlin";"Bu_NpNeHJ1a";13;15;18036794875078808;"Freue mich schon";1552600962;6314217563;"_._daisydust_._"
"fridaysforfuture.berlin";"Bu_NpNeHJ1a";13;15;18021400978080543;"Ich wollte so gerne dabei sein hatte aber mehrere Konsequenzen ğŸ˜­(nicht nur unentschuldigtes Fehlen in der Schule, das wÃ¤r nicht sooo schlimm gewesen dafÃ¼r) Auf jeden Fall habt ihr groÃŸen Respekt von mir und ich versuche beim nÃ¤chsten Mal dabei zu sein! Weiter so ğŸ’•";1552672557;11824072674;"emi_27122005"
"fridaysforfuture.berlin";"Bu_NpNeHJ1a";13;15;18020326480081743;"ğŸ˜ğŸ‘";1552743584;10481768715;"unicef_loerrach"
"fridaysforfuture.berlin";"Bu_NpNeHJ1a";13;15;17968002724239630;"Extra PB geÃ¤ndert";1552631241;5512033842;"jonathan_it.is"
"fridaysforfuture.berlin";"Bu_NpNeHJ1a";13;15;18013134124155402;"FÃ¼r *jedes* weiterleiten â¡ï¸ kriegt der Baum ğŸŒ²wieder â™»ï¸ ein 1ï¸âƒ£ Blatt ğŸƒ dazu";1552676958;11670134491;"okoloverfan"
"fridaysforfuture.berlin";"Bu_NpNeHJ1a";13;15;18041750968070010;"ğŸ’šâ¤ï¸ğŸ’šâ¤ï¸ğŸ’šğŸ’šğŸ’š";1553166107;7686210342;"simonenicoledubo"
"fridaysforfuture.berlin";"Bu130LgnIrm";23;26;18034571575079204;"juhuu ğŸ‰";1552251312;3281512439;"jovial.jonas"
"fridaysforfuture.berlin";"Bu130LgnIrm";23;26;18019065817091438;"ğŸ’šğŸ’šğŸ’šğŸ’šğŸŒ";1552251191;11081087867;"fridaysforfuture_spain"
"fridaysforfuture.berlin";"Bu130LgnIrm";23;26;17924909983283177;"@rebecca.segr @anna.vlu ğŸŒ»ğŸ’šğŸŒ";1552251349;3144172803;"skd.hck"
"fridaysforfuture.berlin";"Bu130LgnIrm";23;26;17886563638307421;"Haben die verschiedenen Symbole ne Bedeutung oder ist das einfach random?";1552254050;4945349938;"gavialofsunda"
"fridaysforfuture.berlin";"Bu130LgnIrm";23;26;18004038901169434;"So happy Russia takes part in FFF, too.";1552252464;4092453290;"rigasisters"
"fridaysforfuture.berlin";"Bu130LgnIrm";23;26;18027058981128259;"Cool! Wo finde ich diese Karte?";1552285294;1563496450;"virturia"
"fridaysforfuture.berlin";"Bu130LgnIrm";23;26;18043569421024197;"What about China?";1552290487;10931995879;"trixiness"
"fridaysforfuture.berlin";"Bu130LgnIrm";23;26;17843468017388470;"ğŸ’–ğŸ™";1552283709;9667376435;"_kateroy9465"
"fridaysforfuture.berlin";"Bu130LgnIrm";23;26;17875562446319670;"yaaay ğŸ‘ğŸ‘ğŸ‘ğŸ¥°";1552312637;5532550703;"muellinberlin"
"fridaysforfuture.berlin";"Bu130LgnIrm";23;26;18028250137129190;"Ihr seid so groÃŸartig! ğŸ’š";1552335438;4488735588;"nur.berlin"
"fridaysforfuture.berlin";"Bu130LgnIrm";23;26;18037817530069604;"@jan_wenzel_ siehst du? Sind nicht nur ein paar Orte;)";1552338227;1576083672;"la_celestine23"
"fridaysforfuture.berlin";"Bu130LgnIrm";23;26;18017373577130063;"Wie lang wird die Demo ungefÃ¤hr gehen?";1552474872;3806833561;"solokarolytini"
"fridaysforfuture.berlin";"Bu130LgnIrm";23;26;17910187171293690;"Sexy";1552299564;4298959960;"lasse_18"
"fridaysforfuture.berlin";"Bu130LgnIrm";23;26;17981077954207632;"@michelle.jaa du hosch mol was gseitğŸ˜‚ğŸ˜‚";1552513663;8975862432;"jamie.kutzer"
"fridaysforfuture.berlin";"Bu130LgnIrm";23;26;17844322282390740;"You can as well plant a tree for free by watching a 50s ad video. Our dream is to plant 1 million trees ğŸŒ³ğŸ’šğŸŒ http://bubblytree.com/mosaiqe/";1552549966;1020384902;"bubbly_tree"
"fridaysforfuture.berlin";"Bu130LgnIrm";23;26;18024093181122465;"Warum sind die Punkte in Italien so klein?";1552593041;7557798351;"_der.lean_"
"fridaysforfuture.berlin";"Bu130LgnIrm";23;26;17999274112197184;"Ist Siegen dabei??";1552368311;11795346548;"celina.sym"
"fridaysforfuture.berlin";"Bu130LgnIrm";23;26;18017511133140262;"@krizzy.h";1552655491;1911923880;"g_e_s_i_n_e"
"fridaysforfuture.berlin";"Bu130LgnIrm";23;26;18045969037020697;"Haben die verschiedenen Zeichen eine Bedeutung?";1552667376;3553980854;"_niko.tin"
"fridaysforfuture.berlin";"Bu130LgnIrm";23;26;18046130242055608;"ğŸ‘ğŸ‘ğŸ‘";1552727360;8032712963;"frankfurter_bub62"
"fridaysforfuture.berlin";"Bu130LgnIrm";23;26;17877206131318538;"@applesauceandavocado";1553108990;644242392;"juliannaonoiu"
"fridaysforfuture.berlin";"Bu130LgnIrm";23;26;17844839773400260;"MilitÃ¤risches Geoengineering wird durch den Deckmantel Klimawandel geschÃ¼tzt, hier knallharte Fakten und angewandte Praxis Ã¼ber Deutschland.  http://klima-der-gerechtigkeit.de/2017/11/01/neu-interaktive-weltkarte-zu-geoengineering-experimenten/
https://m.faz.net/aktuell/gesellschaft/wetter-macht-geschichte-wetter-als-waffe-181243.html
http://www.geoengineeringmonitor.org/2018/09/atmospheric-geoengineering-video
http://www.chemtrail.de/us-patent-und-warenzeichen-amt/
http://www.chemtrail.de/chemtrails/dokumente/wissenschaftlich/
https://www1.wdr.de/wissen/natur/kommentar-aufforderung-zur-umweltkriminalitaet-100.html
https://youtu.be/9rDmEY3tF3U
https://www.weather-modification-journal.de/sie-meinen-die-streifen-am-himmel-seien-kondensstreifen-moderne-flugzeuge-mit-hoch-nebenstromtriebwerken-auch-mantelstromtriebwerke-genannt-produzieren-keine-kondensstreifen/
https://techseite.com/2016/08/02/krieg-gegen-die-hirnekrieg-gegen-den-planeten-haarp/
https://www.der-rhetoriktrainer.de/blog/framing-beeinflussung-des-denkens-poltik-manipulation/
https://transinformation.net/wie-die-taktiken-der-psychologischen-kriegsfuehrung-genutzt-werden-um-forscher-whistleblowers-und-andere-niederzuringen/
#frydaysforfuture #stopaerosolspraying #stopgeoengineering #chemtrails #wettermanipulation #selbstverantwortung #selbstliebe #fakten";1553798074;5328694571;"philipp_goelitz"
"fridaysforfuture.berlin";"Bu130LgnIrm";23;26;18025611178122057;"ğŸ¤—â¤ï¸â¤ï¸â¤ï¸â¤ï¸â¤ï¸ğŸ’šğŸŒğŸŒğŸŒğŸ’šâ¤ï¸ğŸ’–ğŸ’•";1553112723;2228226303;"kibokickan"
"fridaysforfuture.berlin";"ButnWIqHXLk";10;16;17947239220261537;"Wann streiken wir endlich donnerstags?";1551974213;10931995879;"trixiness"
"fridaysforfuture.berlin";"ButnWIqHXLk";10;16;18043312219006388;"ğŸ‘ğŸ’š";1551975495;3128321438;"greenpeace.de"
"fridaysforfuture.berlin";"ButnWIqHXLk";10;16;18017626165090116;"Was wÃ¼rdet ihr schÃ¤tzen wie lange der Streik nÃ¤chste Woche dauern wird?";1551995154;7366649113;"stranger.edit_"
"fridaysforfuture.berlin";"ButnWIqHXLk";10;16;17947790635260651;"Ich wollte nur sagen dass der Sinn dahinter schon ist das wir fÃ¼r das Klima die Schule SchwÃ¤nzen";1551976524;10670257645;"kxrxn_tri"
"fridaysforfuture.berlin";"ButnWIqHXLk";10;16;17965028320241639;"Hat das eigentlich Kundgebungscharakter oder ist es eine Demo? Sprich: wenn ich nicht pÃ¼nktlich um 10 h da bin, seid ihr um 11 auch noch am Invalidenpark oder schon woanders?";1552023071;5708321463;"nasrin_b78"
"fridaysforfuture.berlin";"ButnWIqHXLk";10;16;17996929693195769;"Ich wÃ¼nschte ich kÃ¶nnte kommen aber ich muss an meiner MSA PrÃ¤sentation arbeiten ğŸ˜­ nÃ¤chste Woche bin ich aber auf jeden Fall am Start ğŸ’–";1551997345;6205282900;"x.amina.r"
"fridaysforfuture.berlin";"ButnWIqHXLk";10;16;17950591168257796;"Richtig so! 
Niemand hat "geschwÃ¤nzt". Da laut Duden die Wortbedeutung folgende ist: "an etwas planmÃ¤ÃŸig Stattfindendem, besonders am Unterricht o. Ã„. nicht teilnehmen; dem Unterricht o. Ã„. fernbleiben, weil man gerade keine Lust dazu hat"";1552719672;1616820950;"monicranio"
"fridaysforfuture.berlin";"ButnWIqHXLk";10;16;18028756642129801;"ğŸ‘ğŸ‘ğŸ‘";1552727810;8032712963;"frankfurter_bub62"
"fridaysforfuture.berlin";"ButnWIqHXLk";10;16;18022692241123814;"Cool beide KÃ¤mpfe/Demos zu verbinden. Denn sie gehÃ¶ren zusammen!";1552043576;10605190726;"rsodeutschland"
"fridaysforfuture.berlin";"ButnWIqHXLk";10;16;18038417206099337;"nein ihr schwÃ¤nzt";1555092087;9482653566;"ayalockp"
"fridaysforfuture.berlin";"BugUsPGHN8s";12;12;17947060288250415;"Ad maiora!!";1551528749;9197209796;"andrea.licata75"
"fridaysforfuture.berlin";"BugUsPGHN8s";12;12;18031436917076968;"Wow, war mal wieder richtig cool, ich freu mich schon total auf den 15.!";1551529393;8622598593;"paperfreddie"
"fridaysforfuture.berlin";"BugUsPGHN8s";12;12;18015851275093079;"ğŸ‘";1551531388;3664298334;"neogruen"
"fridaysforfuture.berlin";"BugUsPGHN8s";12;12;17964464137232395;"Suuuuuper! !!!!!!!!";1551606475;5838572279;"kinder_gestalten_zukunft"
"fridaysforfuture.berlin";"BugUsPGHN8s";12;12;17947639828253397;"ğŸ™Œ We've Only Got One ğŸŒ";1551587135;8900997648;"onyoursleeve.shop"
"fridaysforfuture.berlin";"BugUsPGHN8s";12;12;17930951722272991;"Haha da ist Nh Freundin auf dem Bild ğŸ˜‚â¤ï¸";1551632585;6251958937;"brenda.xxc"
"fridaysforfuture.berlin";"BugUsPGHN8s";12;12;18041741257060493;"@josephin.jsy ğŸ˜ŒğŸ‘ğŸ»";1551711116;5641769938;"dschamila"
"fridaysforfuture.berlin";"BugUsPGHN8s";12;12;17861701165343677;"Ist am 8.3 auch eine Demo?";1551712272;5429438530;"sofia.mit.f"
"fridaysforfuture.berlin";"BugUsPGHN8s";12;12;18021172192122115;"Was ist mit dem 08.03.?";1551891214;6750011414;"livelovekathleen"
"fridaysforfuture.berlin";"BugUsPGHN8s";12;12;18040899316031740;"Ist diese Woche auch eine Demo?";1551696290;5712240388;"clari.wgr"
"fridaysforfuture.berlin";"BugUsPGHN8s";12;12;17977640038211481;"sehr nice!! ğŸ™Œ";1552212134;5532550703;"muellinberlin"
"fridaysforfuture.berlin";"BugUsPGHN8s";12;12;17950328131256622;"ğŸ‘ğŸ‘ğŸ‘";1552728434;8032712963;"frankfurter_bub62"
"fridaysforfuture.berlin";"BuT9ZPkH2Gg";5;6;18006967381183206;"Macht weiter, ihr seit toll!! Danke;-)";1551128813;4129657802;"hummelbike"
"fridaysforfuture.berlin";"BuT9ZPkH2Gg";5;6;17929315306278018;"This is awesome";1551119641;7936525184;"romy_green_healing"
"fridaysforfuture.berlin";"BuT9ZPkH2Gg";5;6;17945460346261520;"ğŸ¤—ğŸ‘ğŸ»ğŸ’šğŸ‘ğŸ’ƒğŸ•ºfridaysforfutureâ¤ï¸ğŸ’–ğŸ’•";1551291566;2228226303;"kibokickan"
"fridaysforfuture.berlin";"BuT9ZPkH2Gg";5;6;17854847194359967;"Es war echt voll cool, ich kann nur sagen, MACHT ALLE MIT UND WEITER!!!";1551697096;11448507247;"anna.seitenmaedchen"
"fridaysforfuture.berlin";"BuT9ZPkH2Gg";5;6;17966134111235490;"HallÃ¶chen, welche Uhrzeit ist denn am 15.03. Geplant?";1551901385;2213859538;"balusion"
"fridaysforfuture.berlin";"BuQ_73sHVi5";3;3;18036594757057104;"Stimmt!";1551013705;5685947633;"sxpxie_04"
"fridaysforfuture.berlin";"BuQ_73sHVi5";3;3;18033620335064575;"War mega! ğŸ’š
Richtig Stimmung gewesen :)";1551014960;3281512439;"jovial.jonas"
"fridaysforfuture.berlin";"BuQ_73sHVi5";3;3;18032197513077449;"Amazing";1551568526;857816381;"fridaysforfuture.ont"
"fridaysforfuture.berlin";"BuOf8SMHdwH";7;8;17936896486265854;"ğŸ’ªğŸ’š";1550931695;3283250947;"dominik.cramer"
"fridaysforfuture.berlin";"BuOf8SMHdwH";7;8;18037698721007197;"If anyone wants to join the movement #fridaysforfuture #climatestrike #motherearth and wants to buys t-shirts and make the world a better place and increase the awareness dm me I'll make the t-shirts available to you to help this movement grow more and more";1550933499;3231672819;"sachin_yadav_19"
"fridaysforfuture.berlin";"BuOf8SMHdwH";7;8;18037278502036750;"Cool";1550943435;5838572279;"kinder_gestalten_zukunft"
"fridaysforfuture.berlin";"BuOf8SMHdwH";7;8;17972732797214060;"wie viele waren ca in berlin? konnte es nicht wirklich einschÃ¤tzen";1550937579;5881239324;"luzie.ilui"
"fridaysforfuture.berlin";"BuOf8SMHdwH";7;8;17945770768254150;"ğŸŒâœŠ";1550944837;11186826946;"climatechangetoo"
"fridaysforfuture.berlin";"BuOf8SMHdwH";7;8;18037015081056272;"I was there ğŸ™Œ";1550948605;9197209796;"andrea.licata75"
"fridaysforfuture.berlin";"BuOf8SMHdwH";7;8;18005504122145164;"500 Leute wahren da";1550942102;3261734907;"fridaysforfuture.berlin"
"fridaysforfuture.berlin";"BuN6VoDnGLn";3;5;17961260023225978;"Ich finde es traurig das mehr Menschen gegen Artikel 13 demonstrieren, als gehen den Klimawandel.";1550910615;4836801553;"marlon.0807"
"fridaysforfuture.berlin";"BuN6VoDnGLn";3;5;18032339923071149;"Thank you from ğŸŒ! Together for climate ğŸ’šğŸŒğŸ’š ğŸ³ï¸â€ğŸŒˆ";1550916938;9235708005;"green_eurognome"
"fridaysforfuture.berlin";"BuN6VoDnGLn";3;5;18012331663095604;"âœŠ";1550944893;11186826946;"climatechangetoo"
"fridaysforfuture.berlin";"BuHe3S5nb_5";5;7;18035354380003922;"*mehr als 222 ğŸ˜Œ";1550699020;1408713061;"lukas.leichert"
"fridaysforfuture.berlin";"BuHe3S5nb_5";5;7;18041336338041483;"Ist nÃ¤chste Woche auch wieder ein Streik geplant?";1550818241;599047642;"kathalenak"
"fridaysforfuture.berlin";"BuHe3S5nb_5";5;7;18012085834087048;"Perfekt, dann sind wir nÃ¤chste Woche mit am StartğŸ™ŒğŸ¤—ğŸ’«";1550818440;599047642;"kathalenak"
"fridaysforfuture.berlin";"BuHe3S5nb_5";5;7;18005138077156228;"Ihr macht das mega ğŸ™ŒğŸ¼ lasst euch eure Stimme nicht verbieten ğŸŒ";1550877948;6040029607;"chr1s.t0pher"
"fridaysforfuture.berlin";"BuHe3S5nb_5";5;7;17854943431354296;"ğŸ‘©â€ğŸ«The apparel industry is a massive producer of greenhouse gasesğŸ˜·. â€œIndustry-wide, greenhouse gas emissions in one year are equivalent to driving ğŸš˜to the sun and back more than 1,000 times,â€ says a report by MITâ€™s Materials Systems Laboratory.On average, one t-shirt has the climate impact of driving a passenger car ğŸš™ five miles, it noted.
A garmentâ€™s carbon footprint doesnâ€™t just come from making it. ğŸ™
Washing it, and especially drying in a dryer, uses a lot of energy over time.ğŸ˜©
Still, that footprint decreases with the garmentâ€™s longevity. The Carbon Trust, a coalition of organizations focused on reducing emissions, did an analysis of carbon emissions per year from 50 wash-and-wear cycles for a t-shirt, factoring in whether the t-shirt would need to be replaced after a certain number of wearsğŸ™„.
Stop ğŸ›‘consuming fast fashion ğŸ™…â€â™€ï¸.";1550840898;10944942549;"theplanetcloset"
"fridaysforfuture.berlin";"Bt-88WJncfk";10;19;17848767598360131;"Leider ğŸ¤”auÃŸer dir hahahğŸ™„ğŸ¤£";1550409444;2874425772;"franziwessel"
"fridaysforfuture.berlin";"Bt-88WJncfk";10;19;18035468332046340;"He taecher live the kids alone";1550436624;5521957903;"matossibarbla"
"fridaysforfuture.berlin";"Bt-88WJncfk";10;19;17941985755261931;"Viel Erfolg! !!! Diese Streiks sind super wertvoll! !!";1550512758;5838572279;"kinder_gestalten_zukunft"
"fridaysforfuture.berlin";"Bt-88WJncfk";10;19;17916232687285222;"Watch a documentary about environment - â€œCowspiracyâ€ (the name is misleading, the movie is not about slaughter houses and killing animals, itâ€™s about #ENVIRONMENT) ğŸŒ";1551033812;189706728;"healthy_people_and_planet"
"fridaysforfuture.berlin";"Bt-88WJncfk";10;19;18036869380018717;"ğŸ¤·â€â™€ï¸ğŸ¤¦â€â™€ï¸";1551119119;9245202395;"trustandbreathe"
"fridaysforfuture.berlin";"Bt-88WJncfk";10;19;18018761491127848;"Halt einfach deinen Mund du nervst und hast Ã¼berhaupt keinen Plan! Was ist? Die Politik hat irgendwas verstanden?? Die checken noch viel zu wenig von dem was da auf uns zu kommt und unternehmen rein garnichts. Wenn du beachtung brauchst geh doch in die Nazi Kneipe umme Ecke. Aber da wollen sie dich bestimmt auch nicht haben. @ein_bisschen_rechts";1551032656;7645609879;"wustenh"
"fridaysforfuture.berlin";"Bt-88WJncfk";10;19;17856269368354833;"Love this";1551568557;857816381;"fridaysforfuture.ont"
"fridaysforfuture.berlin";"Bt-88WJncfk";10;19;17848912141376870;"Bei deutlich unter 2 Millimetern pro Jahr Anstieg benÃ¶tigt es noch viele Jahre bis das Wasser uns bis zum Hals steht ;)";1553634681;3600532851;"julius.e_05"
"fridaysforfuture.berlin";"Bt-88WJncfk";10;19;17864947195365489;"1824 entdeckten Forscher den Treibhauseffekt.. 1967 Manabe errechnet 2,36` ErderwÃ¤rmung fÃ¼r die Zukunft wenn sich nichts Ã¤ndert! Hat sich etwas geÃ¤ndert?";1555171432;3289440933;"schoenleiter"
"fridaysforfuture.berlin";"Bt-88WJncfk";10;19;18045614269054363;"Follow?";1552161728;11654449542;"save_us_and_you"
"fridaysforfuture.berlin";"Bt9Y-PKHHWf";8;10;18034472314059491;"ğŸ™ğŸ’š";1550355781;1677984729;"_nxtxschx"
"fridaysforfuture.berlin";"Bt9Y-PKHHWf";8;10;17869272997315342;"â€Klimaschutz statt Kohleschmutz!â€œğŸ”¥";1550355796;11299265305;"fridaysforfuture.lauf"
"fridaysforfuture.berlin";"Bt9Y-PKHHWf";8;10;18008853799142968;"Mal sehen, wie viele Freitage es dauert, bis die Kultusminister*innen der LÃ¤nder zu ihren MinisterprÃ¤sident*innen gehen und sagen: "Du, ich glaube wir mÃ¼ssen was Ã¤ndern. Die hÃ¶ren nicht auf mich und es wird langsam peinlich."";1550358370;3283250947;"dominik.cramer"
"fridaysforfuture.berlin";"Bt9Y-PKHHWf";8;10;17995836277173902;"@arndtklocke Was ist denn bei Euch los? ğŸ™†ğŸ»â€â™‚ï¸ In Berlin hat unsere Klimasenatorin den Streik als notwendig begrÃ¼ÃŸt und â€œabsolut richtigâ€ genannt.";1550380467;9304587;"georgkoessler"
"fridaysforfuture.berlin";"Bt9Y-PKHHWf";8;10;18018059014110760;"â¤ï¸";1550368092;11081087867;"fridaysforfuture_spain"
"fridaysforfuture.berlin";"Bt9Y-PKHHWf";8;10;17850794254357757;"Vielen Dank!!! â¤ï¸âœŠğŸŒ³âœŠ";1550394388;10617208368;"fridaysforfuture.duesseldorf"
"fridaysforfuture.berlin";"Bt9Y-PKHHWf";8;10;18017651608113736;"Danke!!!ğŸŒ³â¤ï¸";1550401961;9755097812;"fridaysforfuture.essen"
"fridaysforfuture.berlin";"Bt9Y-PKHHWf";8;10;18033699352025371;"â¤ï¸â¤ï¸";1550396974;7164609082;"greenpeacejugendkoeln"
"fridaysforfuture.berlin";"Bt8inOinkv0";6;12;18035179153020326;"Das ist echt super, ich war auch da und es hat viel SpaÃŸ gemacht. Waren es wirklich 1000 Menschen? Es kam mir mir nicht so viel vor...";1550327511;803313040;"hannasegieth"
"fridaysforfuture.berlin";"Bt8inOinkv0";6;12;18032942347049078;"TopğŸ’ª";1550328459;3283250947;"dominik.cramer"
"fridaysforfuture.berlin";"Bt8inOinkv0";6;12;17959377070226049;"UhhhhğŸ˜ğŸ˜‚";1550329060;2874425772;"franziwessel"
"fridaysforfuture.berlin";"Bt8inOinkv0";6;12;18026140009073668;"ğŸ‘ğŸ‘ğŸ‘ğŸ‘";1550329686;9197209796;"andrea.licata75"
"fridaysforfuture.berlin";"Bt8inOinkv0";6;12;18003180109144510;"@emiliapolisi and mee in the frontğŸ˜‚";1550330414;2175125320;"ananas.essen"
"fridaysforfuture.berlin";"Bt8inOinkv0";6;12;17860852642329456;"â€What do we want?â€œğŸ”¥";1550356063;11299265305;"fridaysforfuture.lauf"
"fridaysforfuture.berlin";"Bt56u1UISHa";11;13;17925887959278805;"@em.berlin2003";1550245730;5649435642;"carmxaaa"
"fridaysforfuture.berlin";"Bt56u1UISHa";11;13;18003709168159638;"@gretathunberg";1550248906;5829666310;"worldwidevitus"
"fridaysforfuture.berlin";"Bt56u1UISHa";11;13;17857354435338696;"@gretathunberg ğŸ’šğŸŒ³ğŸŒ";1550250319;3281512439;"jovial.jonas"
"fridaysforfuture.berlin";"Bt56u1UISHa";11;13;17867582293316071;"@gretathunberg";1550245192;5512033842;"jonathan_it.is"
"fridaysforfuture.berlin";"Bt56u1UISHa";11;13;17855957737343470;"Wie viele waren da?";1550258636;6715091283;"moritzsprenger21"
"fridaysforfuture.berlin";"Bt56u1UISHa";11;13;18010120780085194;"â¤ï¸â¤ï¸â¤ï¸";1550287268;5506754268;"mor.reischl"
"fridaysforfuture.berlin";"Bt56u1UISHa";11;13;17860231429333961;"#Klimakrise #Klimastreik";1550249220;3283250947;"dominik.cramer"
"fridaysforfuture.berlin";"Bt56u1UISHa";11;13;18001009249196876;"@gretathunberg â¤ï¸";1552743453;1017838710;"rosalie.jsm"
"fridaysforfuture.berlin";"Bt56u1UISHa";11;13;17943857092268165;"wieviel CO2 verbraucht ein nutzloses Selfie posting, multipliziert mit allen followers die alle jeden Tag ihr Phone neu laden? ğŸ‘ you Strike against your own habbits ğŸ™Œ";1552765161;7921380448;"handcuffs72"
"fridaysforfuture.berlin";"Bt56u1UISHa";11;13;18007169800187435;"@gretathunberg ğŸ‘ğŸ¼ğŸŒ»ğŸ¦‹";1550434044;1939508702;"yyymsyyy"
"fridaysforfuture.berlin";"Bt56u1UISHa";11;13;17860619524338920;"â¤ï¸ğŸ™ğŸ¿";1551032875;7645609879;"wustenh"
"fridaysforfuture.berlin";"Bt4P4-pHh-R";10;10;17971668229207121;"Ganz viel Liebe. Bleibt stark";1550185063;258404750;"marcel.fortus"
"fridaysforfuture.berlin";"Bt4P4-pHh-R";10;10;17942231095253710;"@luisa.loveslife #langstreckenluisa #loveforluisaâ¤ï¸â¤ï¸";1550186810;8691177323;"fridaysforfuture.de"
"fridaysforfuture.berlin";"Bt4P4-pHh-R";10;10;17916392362302391;"Das stimmt komplett, jeder muss anfangen nachhaltig zu leben und den Konsum hintenazustellen dies ist unter anderem nÃ¶tig fÃ¼r eine bessere Zukunft und auÃŸerdem gesund leben und nur etwas kaufen, wenn es wirklich zu sehr beschÃ¤digt ist, oder kaputt um es noch zu benutzen";1550215829;1262106350;"arnereuter_official"
"fridaysforfuture.berlin";"Bt4P4-pHh-R";10;10;18018901057101712;"Bleib stark LuisağŸ˜˜";1550183380;10680009614;"fridaysforfutureklagenfurt"
"fridaysforfuture.berlin";"Bt4P4-pHh-R";10;10;18035067016061435;"ğŸ‘";1550213781;6882453571;"earth_needs_green_left"
"fridaysforfuture.berlin";"Bt4P4-pHh-R";10;10;18033941122019320;"â¤ï¸ğŸŒ±";1550236683;3004514326;"siri.we"
"fridaysforfuture.berlin";"Bt4P4-pHh-R";10;10;18018136981108832;"â¤ï¸ğŸ’šâ¤ï¸";1550211341;10636927983;"fridays.for.future.landsberg"
"fridaysforfuture.berlin";"Bt4P4-pHh-R";10;10;18029526625124438;"Macht weiter, bis es auch der/die Letzte kapiert ! ... z.B. gestern, diese alberne Verleihung des Deutschen Filmpreises: das EINZIG Bedeutsame daran war Gretas aufrÃ¼ttelnde Rede - man hat es den Gesichtern der Anwesenden angesehen: Nachdenken fÃ¤ngt gerade erst an !!!";1554022308;4214870122;"hei_di_ho"
"fridaysforfuture.berlin";"Bt4P4-pHh-R";10;10;18007631509137941;"ğŸ’šğŸ™ŒğŸ˜ Ihr habt absolut Recht";1550356774;4977342373;"gjfreiburg"
"fridaysforfuture.berlin";"Bt4P4-pHh-R";10;10;18011784268091184;"Absolut richtig! Aufstehen und den Mund auf machen ist so wichtig!";1550653463;1808432055;"team.floeckchen"
"fridaysforfuture.berlin";"Bt0tRiCHV5R";3;3;17863131331322779;"Litâ¤ï¸ğŸŒ";1550070146;8691177323;"fridaysforfuture.de"
"fridaysforfuture.berlin";"Bt0tRiCHV5R";3;3;17925513451272752;"Die @dieguteschokolade fehlt mir schonğŸ˜­";1550070209;8691177323;"fridaysforfuture.de"
"fridaysforfuture.berlin";"Bt0tRiCHV5R";3;3;17869658146312937;"Guck @emil.goldgelb ich kommentier sogar hahha^^";1550070163;8691177323;"fridaysforfuture.de"
"fridaysforfuture.berlin";"Bt0ASYfHknZ";5;9;17856688699341564;"10.000 followers need?hello write message";1550042917;7225592353;"parfumaze"
"fridaysforfuture.berlin";"Bt0ASYfHknZ";5;9;18001814095145524;"Wie kommt man da hin ohne bvg";1550047665;8535565211;"maracuuja"
"fridaysforfuture.berlin";"Bt0ASYfHknZ";5;9;17848045693359847;"Wisst ihr ob die regional ZÃ¼ge trotzdem fahren?";1550075878;4070858003;"luise.staats"
"fridaysforfuture.berlin";"Bt0ASYfHknZ";5;9;18006572251137925;"vielleicht mit der S-Bahn oder dem Fahrrad?";1550049042;6174724205;"dani_ela_bln"
"fridaysforfuture.berlin";"Bt0ASYfHknZ";5;9;18033749188049031;"Es ist eine unglaubliche Bewegung. Einfach nur WOW! !!!";1550057562;5838572279;"kinder_gestalten_zukunft"
"fridaysforfuture.berlin";"BtoXGA0H0xb";6;7;17993479369174232;"Well done, guys! Thereâ€™s no way back. â¤ï¸â™»ï¸ #climatechangeisHere";1549650321;4870954319;"greengirlvibe"
"fridaysforfuture.berlin";"BtoXGA0H0xb";6;7;18030727120062507;"Wir werden bestimmt noch einige Geburtstage auf den Demos feiernğŸ™Œ";1549669822;3283250947;"dominik.cramer"
"fridaysforfuture.berlin";"BtoXGA0H0xb";6;7;17967477430212930;"ad maiora!!";1549717911;9197209796;"andrea.licata75"
"fridaysforfuture.berlin";"BtoXGA0H0xb";6;7;17858190370326415;"proud of you";1549717897;9197209796;"andrea.licata75"
"fridaysforfuture.berlin";"BtoXGA0H0xb";6;7;18042777226041843;"der Bart";1552314111;1544819830;"valentin_eckhard"
"fridaysforfuture.berlin";"BtoXGA0H0xb";6;7;18000661063154016;"ğŸ‘ğŸ‘ğŸ‘ğŸ‘ğŸ‘ğŸ‘ğŸ‘";1549717903;9197209796;"andrea.licata75"
"fridaysforfuture.berlin";"BtlOJ5JHoy6";1;1;17970707101201250;"You gotta love Greta Thunberg ğŸ˜ And respect to everyone following "Fridays for Future" ....";1549626971;1996092524;"torstenlueddecke"
"fridaysforfuture.berlin";"BtdsRHinn1k";5;7;18003682507142405;"edgy";1549316626;474208830;"jns.bgnsky"
"fridaysforfuture.berlin";"BtdsRHinn1k";5;7;17955069217236113;"This is great ! âœŒï¸ğŸğŸ€";1549362624;4545571527;"massiehzaa"
"fridaysforfuture.berlin";"BtdsRHinn1k";5;7;18030196783055951;"Erledigt und geteilt.";1549400519;6335834442;"tanjaraab"
"fridaysforfuture.berlin";"BtdsRHinn1k";5;7;17854358032339387;"You gotta love Greta Hunberg ğŸ˜ The real hero of our time!";1549473380;1996092524;"torstenlueddecke"
"fridaysforfuture.berlin";"BtdsRHinn1k";5;7;18006140710092405;"Jaaaaaas";1549293591;2874425772;"franziwessel"
"fridaysforfuture.berlin";"BtdBF99H_RV";5;8;18003470590140431;"Wir sind in Stuttgart in den Ferien aber dafÃ¼r gehen wir dort auf die StraÃŸen mit @fridaysforfuturestuttgart â¤";1549270688;6332181291;"coralie_von_schwaetz"
"fridaysforfuture.berlin";"BtdBF99H_RV";5;8;17998949800179185;"Wichtiger als Ferien! ğŸ‘";1549270976;10654615846;"greengamestudio"
"fridaysforfuture.berlin";"BtdBF99H_RV";5;8;18023178346072947;"@bookangel_2002";1549578881;1910122133;"_sophianna._"
"fridaysforfuture.berlin";"BtdBF99H_RV";5;8;17968604041207241;"ğŸ’ªğŸ‘ğŸ˜";1549272581;432145998;"zsuzsannailijin"
"fridaysforfuture.berlin";"BtdBF99H_RV";5;8;18000146041157936;"Ich mÃ¶chte kommen.";1549292695;2290850174;"hernameissila"
"fridaysforfuture.berlin";"Bta3x38nGNO";2;2;18005925466090462;"ğŸ’šğŸ’š";1549275053;10411671641;"fridaysforfuture.wuppertal"
"fridaysforfuture.berlin";"Bta3x38nGNO";2;2;17978175841239591;"alter wie kann man sowas nur unterstÃ¼tzen...";1555092418;9482653566;"ayalockp"
"fridaysforfuture.berlin";"BtWg-tuHhea";9;10;18005002834083949;"Alles klar, ich war auch da (Bin der Kumpel von SÃ¶ren, kennst du ja vielleicht noch), und es war mal wieder richtig cool! Auch wenn wir nicht ganz so viele Menschen wie letztes Mal waren war es trotzdem super, einfach mal ein Zeichen zu setzen, dass wir mit dem Kohleausstieg 2038 nicht einverstanden sind!";1549051498;8622598593;"paperfreddie"
"fridaysforfuture.berlin";"BtWg-tuHhea";9;10;17990851000175745;"Wichtig ist auch, dass der Berliner Senat den Ã¶ffentlichen Nahverkehr stÃ¤rkt! Busspuren und Ampelvorrangschaltungen fÃ¼r Busse/StraÃŸenbahn, faire LÃ¶hne fÃ¼r das Fahrpersonal. Und im Gegensatz mit Fahrverboten und Tempo-30-Zonen den Autofahrern die Fahrt durch die Innenstadt vermiesen.";1549052291;7372348735;"r_envoyage"
"fridaysforfuture.berlin";"BtWg-tuHhea";9;10;18027720220040030;"â¤ï¸ğŸ˜ğŸ™";1549052836;432145998;"zsuzsannailijin"
"fridaysforfuture.berlin";"BtWg-tuHhea";9;10;18027983353013961;"@maru.kath @viki_.30 Ich hÃ¤tte dieses geniale Plakat ja noch viel lÃ¤nger halten mÃ¼ssen tsss. (Eigenlob ist scheiÃŸe ich weiÃŸ ich weiÃŸ)";1549052858;1258347101;"niklas_kristoffer"
"fridaysforfuture.berlin";"BtWg-tuHhea";9;10;18024844000065800;"ğŸ™ŒğŸ½";1549056251;10117913834;"youthstrike4climate"
"fridaysforfuture.berlin";"BtWg-tuHhea";9;10;17852640901341034;"Haha ich binn so mitten in der mitte hahah";1549057516;8554814624;"spaam.paula"
"fridaysforfuture.berlin";"BtWg-tuHhea";9;10;18005421685085052;"This looks awesome, keep it up ğŸğŸ’šâœŒï¸";1549105216;4545571527;"massiehzaa"
"fridaysforfuture.berlin";"BtWg-tuHhea";9;10;17986929322195195;"@fimbim";1549119812;430050745;"thatkaz"
"fridaysforfuture.berlin";"BtWg-tuHhea";9;10;17848390213353547;"ğŸ‘ Heavy burden to carry but we will look in big proud back on this protests which will SAVE the planet! There's NO other option...";1549200222;10654615846;"greengamestudio"
"fridaysforfuture.berlin";"BtQhIEAn32q";6;10;17999235055181860;"ğŸ’ªğŸ’ª";1548850404;10692714579;"fridaysforfuture.weiden"
"fridaysforfuture.berlin";"BtQhIEAn32q";6;10;17846934763352319;"@emy_joui gehst du hin";1548865591;1811107810;"030charlotte"
"fridaysforfuture.berlin";"BtQhIEAn32q";6;10;18027135508053235;"@_xkonsti";1548869167;3400817256;"27lukas11"
"fridaysforfuture.berlin";"BtQhIEAn32q";6;10;17996579548156304;"Nehmt bitte alle an der Petition fÃ¼r den Kohleausstieg bis 2030 teil. Wir wollen zeigen das wir mit 2038 nicht einverstanden sindâš ï¸";1548866526;10453023455;"fffwetzlar"
"fridaysforfuture.berlin";"BtQhIEAn32q";6;10;18004610398091931;"Die neuen Abschaltzahlen wurden von Ecofys in seiner jÃ¤hrlichen Bestandsaufnahme fÃ¼r den Bundesverband Windenergie (BWE) ermittelt. Die Bundesnetzagentur kommt auf Ã¤hnliche Zahlen, sie summiert die Drosselung der Wind-, Solar- und Biomasseleistung auf insgesamt 420 GWh. Der nicht produzierte Windstrom entspricht einer Strommenge, mit der 116.000 Haushalte ein Jahr lang versorgt werden kÃ¶nnten â€“ der erzwungene Verlust war damit etwa dreimal so Mal hoch wie 2010. Die Schwerpunkte liegen sicher nicht bei unserer Natur zurzeit und ihr wollt auf die StraÃŸe gehen um noch mehr zu streiken?ğŸ˜‚ Sorry aber sich ein bisschen informieren und Hirn einschalten und nicht jeden Trend mitmachen!";1548918989;8925590490;"mikeeey99"
"fridaysforfuture.berlin";"BtQhIEAn32q";6;10;18010643269127561;"Mhh gleicher Ort wie letzte Woche oder?";1548963843;8087302095;"it.s.sunshine"
"fridaysforfuture.berlin";"BtMhc9dntHm";3;3;17872539538306950;"ğŸ‘ğŸ‘ğŸ‘ğŸ‘ğŸ‘";1548749246;8773691061;"talenteco.events"
"fridaysforfuture.berlin";"BtMhc9dntHm";3;3;17962084198222500;"Wirklich toll, was ihr da macht. Weiter so!! ğŸ™";1548716165;9285570570;"deineuropa"
"fridaysforfuture.berlin";"BtMhc9dntHm";3;3;18027821071016918;"Wonderful shot ğŸ˜";1548803152;9926158646;"freyafleuriii"
"fridaysforfuture.berlin";"BtLLYFFnIj0";4;6;18012135280110747;"WÃ¼nschte ich kÃ¶nnte dabei sein";1548684033;6731083593;"nikkigeorgette666"
"fridaysforfuture.berlin";"BtLLYFFnIj0";4;6;18003411415087157;"ğŸ‘ğŸ‘ğŸ‘ğŸ‘ğŸ‘";1548671435;9197209796;"andrea.licata75"
"fridaysforfuture.berlin";"BtLLYFFnIj0";4;6;18008433097121225;"@line__st";1548862772;401220759;"janachristelle"
"fridaysforfuture.berlin";"BtLLYFFnIj0";4;6;17933940469258069;"ich freu mich schon ğŸ¤ ğŸ¤ ";1548692525;3494537549;"carolinaa.cmr"
"fridaysforfuture.berlin";"BtHZJLDHrle";1;3;18029828977042596;"hallo zusammen,
mein name ist nicolÃ© - ich bin keine schÃ¼lerin und auch keine studentin, aber ich bin eine mutter von zwei teenis. natÃ¼rlich ist der "friday4future" auch bei uns am kÃ¼chentisch thema. ich mÃ¶chte euch sagen, dass ich es absolut bewunderswert finde, wie ihr euch prÃ¤sentiert. ihr beweiÃŸt jeden freitag auf's neue so unglaublich viel zivilcourage!! es gab zeiten, da wurde so ein einsatz mit auszeichnungen belohnt. heute droht man euch mit schulverweisen. ich habe meinen kindern immer beigebracht, dass sie ihre meinung sagen sollen. natÃ¼rlich im angemessenen ton. sie sollen fÃ¼r ihre ideale einstehen, sollen sich trauen ihre stimme zu erheben und ihre meinung zu Ã¤uÃŸern. es ist nicht immer einfach, wenn man alleine ist. aber ihr werdet von woche zu woche mehr. kein wunder - ist es ja auch ein sehr wichtiges thema. es geht nicht nur um die gegenwart, sondern um eure zukunft, um die zukunft eurer kinder. viele schulen haben den leitsatz "humanitÃ¤t - courage - gemeinschaft" - natÃ¼rlich verstehe ich, dass es die schulpflicht in deutschland gibt. das ist auch gut so! ich habe in diversen chat's gelesen, dass viele von euch da auch wirklich eine harte nuss zu knacken haben. einerseits sind euch die demonstrationen sehr wichtig, andererseits habt ihr pflichtbewuÃŸtsein, eurer schulpflicht nachzukommen. der bayrische kultusminister prof. dr. piazolo sagte in einem radio interview, dass er nichts gegen die demonstrationen hat, aber die schÃ¼lerInnen und stundenInnen kÃ¶nnten ja nach unterrichtsschluss demonstrieren. aber genau das denke ich ist das problem! wenn erst nach schulschluÃŸ demonstriert wird, dann seit ihr zwar immernoch viele und werdet hoffentlich noch mehr und noch mehr, aber es hat eine andere aussagekraft, als wenn ihr wegen eurer ziele auch bereit seit, etwas zu riskieren. ich kann euch natÃ¼rlich nicht aufrufen, die schulpflicht zu verletzen, aber ich finde es muss auch mal gesagt werden, dass es einfach klasse ist, was ihr in den letzten wochen auf die beine gestellt habt. es ist immens wichtig, sich nicht alles bieten zu lassen und fÃ¼r seine ideale einzustehen. ihr habt eine stimme und dieser stimme solltet ihr weiterhin gehÃ¶r verschaffen.";1549087899;4938022047;"relaxingpoint"
"fridaysforfuture.berlin";"BtHPKWTnJHN";5;6;18010555504118576;"Vielen Dank Euch allen fÃ¼r das Engagement. Lasst uns die Welt verÃ¤ndern.";1548548252;6314830258;"bundjugend_berlin"
"fridaysforfuture.berlin";"BtHPKWTnJHN";5;6;17935879906253107;"ğŸ‘ğŸ‘ğŸ‘ğŸ‘ğŸ‘";1548539789;9197209796;"andrea.licata75"
"fridaysforfuture.berlin";"BtHPKWTnJHN";5;6;17941143181269667;"@alicia_gleichner";1551975520;4389996215;"pia.hohl"
"fridaysforfuture.berlin";"BtHPKWTnJHN";5;6;17952225097224455;"ğŸ’šğŸ’š";1548596160;9235708005;"green_eurognome"
"fridaysforfuture.berlin";"BtHPKWTnJHN";5;6;17995770973146572;"Amazing! Go Berlin!";1548632826;40654885;"jschiele"
"fridaysforfuture.berlin";"BtEEpkqntne";7;7;18011185777109353;"War mega cool";1548432820;5321159635;"ricar_da03o"
"fridaysforfuture.berlin";"BtEEpkqntne";7;7;17857478254324040;"War echt ne geile Aktion! â¤ï¸";1548435699;2902841435;"liam.swb"
"fridaysforfuture.berlin";"BtEEpkqntne";7;7;17998444474134913;"Ich wÃ¤re so gerne da gewesen ğŸ˜­. Warum muss ich ausgerechnet diese woche Praktikum haben";1548441308;7772730442;"x.jo.x.jo.x"
"fridaysforfuture.berlin";"BtEEpkqntne";7;7;18027968851038405;"Wow! ğŸ™ŒğŸ»ğŸŒ Es tut so gut euch zu sehen! Danke fÃ¼r euren Einsatz! âœŠğŸ»ğŸ’š und natÃ¼rlich weiter so!";1548434899;10176868534;"aktionklimaschutz"
"fridaysforfuture.berlin";"BtEEpkqntne";7;7;18025721725026431;"ğŸŒğŸ–‡ğŸ’–";1548453030;7275005414;"ellafoehr"
"fridaysforfuture.berlin";"BtEEpkqntne";7;7;18027669394035805;"How can we support?";1548447458;8773691061;"talenteco.events"
"fridaysforfuture.berlin";"BtEEpkqntne";7;7;18010385380106396;"ğŸŒâœŠğŸ¼â¤ï¸";1548436387;9861514861;"fridaysforfuturekrpinneberg"
"fridaysforfuture.berlin";"BtDmz-WHUNC";6;8;18002222509093334;"Ist es fertig? Wann ist es fertig? Kann ich noch mitmachen?";1548423232;6761088;"paradiselost99"
"fridaysforfuture.berlin";"BtDmz-WHUNC";6;8;17996044522147999;"Wo seid ihr jetzt? Bleibt ihr vor dem Ministerium oder lÃ¤uft ihr die Strecke? Wir sind auf dem Weg!";1548418608;8501086;"emilyclairevoelker"
"fridaysforfuture.berlin";"BtDmz-WHUNC";6;8;17995614712144079;"Wurde das mit Kohlekomission jetzt geÃ¤ndert?";1548439276;6521855610;"der.kracher.macher"
"fridaysforfuture.berlin";"BtDmz-WHUNC";6;8;18024870055046094;"Wie viele wart ihr ca?";1548426717;4847409470;"_oberflo"
"fridaysforfuture.berlin";"BtDmz-WHUNC";6;8;18017900161072160;"ad maiora!";1548513211;8773691061;"talenteco.events"
"fridaysforfuture.berlin";"BtDmz-WHUNC";6;8;17960873866218627;"ÃœBER 10.000. UND NOCHMAL 4000 IN MÃœNCHEN!";1548426926;6335834442;"tanjaraab"
"fridaysforfuture.berlin";"BtB9IIyH745";2;2;17992258489165765;"On our way";1548412147;6335834442;"tanjaraab"
"fridaysforfuture.berlin";"BtB9IIyH745";2;2;17993070307166099;"Freu mich schon";1548396056;5321159635;"ricar_da03o"
"fridaysforfuture.berlin";"Bs7Ubz6H4eu";2;2;18005272279204994;"https://www.vernunftkraft.de/mit-dem-zweiten-sieht-man-manchmal-besser/";1559020905;12044861533;"heinz851965"
"fridaysforfuture.berlin";"Bs7Ubz6H4eu";2;2;18023481379045871;"Ist nÃ¤chsten Freitag auch?";1548178985;6521855610;"der.kracher.macher"
"fridaysforfuture.berlin";"Bs31SnQnaO4";1;1;17957377897247286;"Gibt es eine solche Route auch fÃ¼r morgen zum Brandenburger Tor?";1553785323;1828683624;"angie_engel2.0"
"fridaysforfuture.berlin";"BsyDDtBHg2z";2;3;18022781443058396;"@ameliethuma beim 3. Sieht man dich ğŸ˜‚ğŸ˜‚ du bist halt einfach zu groÃŸ";1547882921;7772730442;"x.jo.x.jo.x"
"fridaysforfuture.berlin";"BsyDDtBHg2z";2;3;18008452162129279;"ğŸ‘ğŸ‘ğŸ‘ğŸ‘ğŸ‘ğŸ‘";1547845603;473291788;"kleinchensoemmchen"
"fridaysforfuture.berlin";"Bsv8Ww8nhNU";2;2;17868519880305529;"Ich";1547797332;5695298665;"nikoolas__"
"fridaysforfuture.berlin";"Bsv8Ww8nhNU";2;2;18007065670118185;"Sogar sehr wichtig ğŸ‘ğŸ‘ğŸ‘ğŸ‘";1547765885;473291788;"kleinchensoemmchen"
"fridaysforfuture.berlin";"Bsq73GSn8Ib";1;1;17846279809337892;"Viel Erfolg ğŸ™‹â€â™€ï¸";1547624573;473291788;"kleinchensoemmchen"
"fridaysforfuture.berlin";"BsW7nIjnbBR";3;3;17945910805235209;"Wir handeln! FÃ¼r unser Klima! UnterstÃ¼tzen wir uns, werden sichtbar und treten in Aktion!!!
ğŸ‘‰ğŸ»ğŸŒ± #aktionklimaschutz";1546964460;10176868534;"aktionklimaschutz"
"fridaysforfuture.berlin";"BsW7nIjnbBR";3;3;17984715091199247;"ğŸ‘ğŸ‘ğŸ‘ğŸ‘ğŸ‘";1548787887;9197209796;"andrea.licata75"
"fridaysforfuture.berlin";"BsW7nIjnbBR";3;3;18048836800050468;"Nicht ausatmen. NICHT ausatmen!!!!";1553551175;6237462603;"berlinpolitics"
"fridaysforfuture.berlin";"BsQMstfi9RJ";2;2;17863921987305435;"Power to you and us! @YouthStrike4Climate";1546699664;10117913834;"youthstrike4climate"
"fridaysforfuture.berlin";"BsQMstfi9RJ";2;2;17853041599321100;"Power belongs to us ! #FridaysForFuture @YouthStrike4Climate";1546699579;10117913834;"youthstrike4climate"
"fridaysforfuture.berlin";"BsGHIb5nGJO";2;2;17924758567261646;"ğŸ‘";1546362760;9534359740;"rrrqqqms_2_3_6"
"fridaysforfuture.berlin";"BsGHIb5nGJO";2;2;18023949586080225;"Armes Kind";1553551210;6237462603;"berlinpolitics"
"fridaysforfuture.berlin";"BsExqemHhGt";1;1;17996483347165534;"Omg";1549639478;4473253547;"_erik_bro"
"fridaysforfuture.berlin";"BsDtrHinTMk";3;3;17844457525330624;"âœŠ";1546363746;6869189645;"fridaysforfuturestuttgart"
"fridaysforfuture.berlin";"BsDtrHinTMk";3;3;18016894285006776;"ğŸ‘ğŸ‘ğŸ‘";1546362811;9534359740;"rrrqqqms_2_3_6"
"fridaysforfuture.berlin";"BsDtrHinTMk";3;3;17895667528323212;"https://www.vernunftkraft.de/mit-dem-zweiten-sieht-man-manchmal-besser/";1559020956;12044861533;"heinz851965"
